date,stance_internal_0_100,participation_internal_0_100,stance_index_0_100,participation_index_0_100,state_label_ko,stance_delta,participation_delta,prev_state_label_ko,anchor_label,post_count
2025-03-28,33.274124,38.968648,29.709039,37.469854,신중,0.000000,0.000000,,,40
2025-03-29,41.114667,29.225894,36.709524,28.101822,신중,7.000485,-9.368032,신중,,15
2025-03-30,37.726265,38.718169,33.684165,37.229008,신중,-3.025359,9.127187,신중,,10
2025-03-31,37.299374,55.124377,31.082812,53.254559,공포,-2.601354,16.025551,신중,,50
2025-04-01,47.965613,42.710127,42.826440,41.067430,신중,11.743629,-12.187129,공포,,69
2025-04-02,40.593793,44.739157,36.244458,43.018421,신중,-6.581982,1.950991,신중,,49
2025-04-03,42.651208,48.245953,38.081436,46.390339,신중,1.836978,3.371919,신중,bear,66
2025-04-04,47.097617,56.088339,39.248014,54.258686,공포,1.166578,7.868347,신중,bear,69
2025-04-05,35.316030,51.451666,31.532170,49.472756,신중,-7.715845,-4.785930,공포,bear,34
2025-04-06,40.373915,50.582626,36.048138,48.637141,신중,4.515969,-0.835615,신중,bear,24
2025-04-07,40.351114,46.924480,36.027780,45.119692,신중,-0.020358,-3.517448,신중,bear,119
2025-04-08,38.719949,48.770923,34.571383,46.895118,신중,-1.456397,1.775426,신중,bear,77
2025-04-09,42.699492,59.055333,35.582910,57.349305,공포,1.011527,10.454187,신중,bear,87
2025-04-10,53.598184,57.982617,44.665153,56.231893,공포,9.082243,-1.117413,공포,bear,110
2025-04-11,45.246703,52.732413,37.705586,50.762930,공포,-6.959568,-5.468963,공포,,100
2025-04-12,42.220190,54.883231,35.183492,53.003366,공포,-2.522094,2.240436,공포,,51
2025-04-13,43.677730,48.864304,38.997973,46.984908,신중,3.814482,-6.018458,공포,,46
2025-04-14,53.760495,54.957414,44.800413,53.080639,공포,5.802439,6.095732,신중,,81
2025-04-15,45.849781,56.207684,38.208151,54.383004,공포,-6.592262,1.302365,공포,,59
2025-04-16,42.359082,54.786872,35.299235,52.902992,공포,-2.908916,-1.480012,공포,,73
2025-04-17,47.923918,61.273524,39.936598,59.659921,공포,4.637363,6.756929,공포,,66
2025-04-18,49.346633,55.198251,41.122194,53.331512,공포,1.185596,-6.328409,공포,,70
2025-04-19,53.223873,42.584561,47.521315,40.946693,낙관,6.399121,-12.384819,공포,,27
2025-04-20,34.351613,56.542356,28.626344,54.731620,공포,-18.894971,13.784927,낙관,,21
2025-04-21,51.591485,56.448353,42.992904,54.633701,공포,14.366560,-0.097919,공포,,56
2025-04-22,48.739954,69.578213,40.616628,68.310639,공포,-2.376276,13.676938,공포,,71
2025-04-23,44.653491,60.715739,37.211243,59.078894,공포,-3.405386,-9.231744,공포,,76
2025-04-24,54.903281,52.355038,45.752734,50.369831,공포,8.541492,-8.709063,공포,,56
2025-04-25,41.140978,52.995955,34.284148,51.037454,공포,-11.468586,0.667622,공포,,73
2025-04-26,58.526964,53.224526,48.772470,51.275548,공포,14.488322,0.238094,공포,,30
2025-04-27,55.236102,66.968030,46.030085,65.591698,공포,-2.742385,14.316150,공포,,26
2025-04-28,44.722276,53.851135,37.268563,51.928265,공포,-8.761522,-13.663433,공포,,53
2025-04-29,44.903919,60.742474,37.419933,59.106744,공포,0.151369,7.178479,공포,,57
2025-04-30,46.568175,43.785241,41.578728,42.101194,신중,4.158795,-17.005551,공포,,46
2025-05-01,38.145209,48.316516,34.058222,46.458189,신중,-7.520505,4.356995,신중,,46
2025-05-02,42.225697,54.865170,35.188081,52.984552,공포,1.129859,6.526364,신중,,85
2025-05-03,36.636333,39.496178,32.711012,37.977094,신중,-2.477069,-15.007458,공포,,15
2025-05-04,42.839092,53.624818,35.699243,51.692519,공포,2.988232,13.715425,신중,,10
2025-05-05,50.475388,45.499688,45.067311,43.749700,낙관,9.368067,-7.942818,공포,,34
2025-05-06,45.237853,49.235691,40.390940,47.342010,신중,-4.676371,3.592310,낙관,,25
2025-05-07,45.858577,44.935147,40.945158,43.206872,신중,0.554218,-4.135138,신중,,38
2025-05-08,48.214997,45.186503,43.049104,43.448561,신중,2.103946,0.241689,신중,,63
2025-05-09,64.567874,45.575474,59.736220,43.822571,낙관,16.687116,0.374010,신중,,61
2025-05-10,38.190833,29.819728,34.098958,28.672815,신중,-25.637262,-15.149755,낙관,,14
2025-05-11,54.990682,62.090028,45.825568,60.510446,공포,11.726610,31.837630,신중,,18
2025-05-12,60.967817,54.884082,51.209771,53.004252,탐욕,5.384203,-7.506193,공포,,67
2025-05-13,59.564852,59.490848,49.637377,57.802967,공포,-1.572395,4.798715,탐욕,,47
2025-05-14,51.046236,47.585248,45.576996,45.755046,낙관,-4.060380,-12.047921,공포,,64
2025-05-15,48.798105,54.927945,40.665088,53.049943,공포,-4.911909,7.294896,낙관,,35
2025-05-16,41.205847,56.129604,34.338206,54.301670,공포,-6.326882,1.251728,공포,,62
2025-05-17,43.376779,46.644665,38.729267,44.850640,신중,4.391061,-9.451031,공포,,36
2025-05-18,49.578422,58.169810,41.315352,56.426885,공포,2.586085,11.576246,신중,,27
2025-05-19,55.233390,67.937165,46.027825,66.601213,공포,4.712473,10.174328,공포,,46
2025-05-20,57.035523,68.731863,47.529602,67.429024,공포,1.501777,0.827811,공포,,39
2025-05-21,54.844404,54.741404,45.703670,52.855629,공포,-1.825933,-14.573395,공포,,53
2025-05-22,50.234596,60.262486,41.862163,58.606757,공포,-3.841507,5.751128,공포,,50
2025-05-23,61.532272,59.189770,51.915340,57.489344,탐욕,10.053177,-1.117413,공포,,52
2025-05-24,60.762328,70.588532,50.952910,69.363055,탐욕,-0.962430,11.873711,탐욕,,23
2025-05-25,50.380731,57.055644,41.983942,55.266296,공포,-8.968967,-14.096759,탐욕,,19
2025-05-26,52.397042,45.723787,46.783073,43.965180,낙관,4.799131,-11.301116,공포,,48
2025-05-27,47.571724,62.184380,39.643103,60.608730,공포,-7.139970,16.643550,낙관,,32
2025-05-28,53.974428,59.736909,44.978690,58.059280,공포,5.335587,-2.549450,공포,,44
2025-05-29,62.419333,52.898880,53.024166,50.936333,탐욕,8.045476,-7.122947,공포,,66
2025-05-30,58.690246,57.426896,48.908538,55.653017,공포,-4.115628,4.716683,탐욕,,55
2025-05-31,57.710206,66.709431,48.091838,65.322323,공포,-0.816700,9.669307,공포,,26
2025-06-01,47.145362,42.274531,42.094073,40.648588,신중,-5.997765,-24.673736,공포,,12
2025-06-02,41.942069,49.470288,37.448276,47.567585,신중,-4.645797,6.918997,신중,,46
2025-06-03,47.659156,47.357854,42.552818,45.536398,신중,5.104542,-2.031187,신중,,30
2025-06-04,57.626395,51.445345,51.848176,49.466678,낙관,9.295358,3.930280,신중,,73
2025-06-05,54.004906,49.222558,48.218666,47.329383,낙관,-3.629510,-2.137295,낙관,,83
2025-06-06,43.996480,60.274881,36.663733,58.619668,공포,-11.554933,11.290285,낙관,,54
2025-06-07,59.100729,50.814301,53.523556,48.859905,낙관,16.859822,-9.759762,공포,,25
2025-06-08,48.223627,44.024598,43.056810,42.331344,신중,-10.466746,-6.528561,낙관,,17
2025-06-09,53.391466,54.734905,44.492888,52.848859,공포,1.436079,10.517515,신중,,75
2025-06-10,50.734214,54.142669,42.278512,52.231947,공포,-2.214377,-0.616912,공포,,82
2025-06-11,46.845826,57.708434,39.038188,55.946285,공포,-3.240323,3.714339,공포,,95
2025-06-12,75.079388,57.814880,68.849235,56.057166,탐욕,29.811047,0.110881,공포,,63
2025-06-13,54.912890,63.066434,45.760742,61.527536,공포,-23.088493,5.470369,탐욕,,103
2025-06-14,55.564806,62.468525,46.304005,60.904714,공포,0.543263,-0.622822,공포,,26
2025-06-15,64.251687,41.231231,59.376917,39.645414,낙관,13.072912,-21.259300,공포,,14
2025-06-16,56.507037,56.980396,47.089197,55.187913,공포,-12.287720,15.542499,낙관,,63
2025-06-17,48.712049,57.666548,40.593374,55.902654,공포,-6.495823,0.714742,공포,,92
2025-06-18,41.461607,58.326492,34.551339,56.590095,공포,-6.042035,0.687441,공포,,61
2025-06-19,60.200274,57.529444,50.250343,55.759837,탐욕,15.699003,-0.830258,공포,,89
2025-06-20,58.200799,56.076513,48.500666,54.246368,공포,-1.749677,-1.513469,탐욕,,113
2025-06-21,53.233804,56.701516,44.361503,54.897413,공포,-4.139162,0.651045,공포,,22
2025-06-22,38.772972,59.976691,32.310810,58.309053,공포,-12.050693,3.411640,공포,,36
2025-06-23,48.951584,48.531474,43.706771,46.664878,신중,11.395961,-11.644175,공포,,96
2025-06-24,68.518715,48.049482,64.225813,46.201425,낙관,20.519041,-0.463453,신중,,134
2025-06-25,61.251660,49.864718,55.967795,47.946844,낙관,-8.258017,1.745419,낙관,,101
2025-06-26,80.373059,59.544699,75.466324,57.859062,탐욕,19.498528,9.912217,낙관,,104
2025-06-27,76.894521,54.572718,71.118151,52.679915,탐욕,-4.348173,-5.179147,탐욕,,70
2025-06-28,70.246163,62.792260,62.807704,61.241937,탐욕,-8.310448,8.562022,탐욕,,19
2025-06-29,47.914964,59.963115,39.929137,58.294912,공포,-22.878567,-2.947025,탐욕,,14
2025-06-30,49.842115,50.699391,44.501888,48.749415,신중,4.572752,-9.545497,공포,,52
2025-07-01,44.029237,56.801088,36.691031,55.001134,공포,-7.810858,6.251719,신중,,70
2025-07-02,69.384003,54.781328,61.730004,52.897217,탐욕,25.038973,-2.103917,공포,,79
2025-07-03,47.873250,57.167409,39.894375,55.382718,공포,-21.835629,2.485501,탐욕,,77
2025-07-04,47.169651,55.318500,39.308042,53.456770,공포,-0.586332,-1.925947,공포,,85
2025-07-05,37.972661,52.946451,31.643884,50.985886,공포,-7.664158,-2.470884,공포,,6
2025-07-06,55.646480,32.526928,49.684357,31.275892,낙관,18.040473,-19.709995,공포,,19
2025-07-07,48.381895,49.878618,43.198121,47.960210,신중,-6.486237,16.684318,낙관,,59
2025-07-08,54.131689,62.497091,45.109741,60.934470,공포,1.911620,12.974261,신중,,81
2025-07-09,62.487155,49.947683,57.371767,48.026619,낙관,12.262026,-12.907852,공포,,53
2025-07-10,58.832704,54.770263,49.027253,52.885690,공포,-8.344514,4.859072,낙관,,68
2025-07-11,52.540482,43.498888,46.911145,41.825854,낙관,-2.116109,-11.059836,공포,,79
2025-07-12,44.833396,36.194672,40.029818,34.802569,신중,-6.881327,-7.023285,낙관,,15
2025-07-13,37.951205,38.845002,33.885004,37.350963,신중,-6.144813,2.548394,신중,,9
2025-07-14,59.893429,52.277540,49.911191,50.289104,공포,16.026186,12.938141,신중,,40
2025-07-15,51.791833,44.269088,46.242708,42.566431,낙관,-3.668483,-7.722673,공포,,57
2025-07-16,46.096031,52.918158,38.413359,50.956414,공포,-7.829349,8.389983,낙관,,55
2025-07-17,61.842365,49.824344,56.639051,47.908023,낙관,18.225692,-3.048391,공포,,73
2025-07-18,57.068864,48.336873,51.214618,46.477763,낙관,-5.424433,-1.430261,낙관,,53
2025-07-19,58.506241,42.766914,52.848001,41.122033,낙관,1.633383,-5.355730,낙관,,16
2025-07-20,59.757464,58.427947,49.797887,56.695778,공포,-3.050114,15.573745,낙관,,10
2025-07-21,52.578315,47.323225,46.944924,45.503101,낙관,-2.852963,-11.192677,공포,,37
2025-07-22,80.650986,53.217305,75.813733,51.268026,탐욕,28.868808,5.764925,낙관,,42
2025-07-23,55.671880,54.701244,46.393233,52.813796,공포,-29.420499,1.545769,탐욕,,44
2025-07-24,46.151821,48.059211,41.206983,46.210780,신중,-5.186250,-6.603016,공포,,44
2025-07-25,51.780440,45.034025,46.232536,43.301947,낙관,5.025553,-2.908832,신중,,49
2025-07-26,41.456703,52.288965,34.547252,50.301006,공포,-11.685283,6.999058,낙관,,12
2025-07-27,47.716048,52.204690,39.763373,50.213219,공포,5.216121,-0.087787,공포,,12
2025-07-28,47.841983,37.434353,42.716056,35.994570,신중,2.952683,-14.218649,공포,,75
2025-07-29,50.253485,36.236337,44.869183,34.842632,신중,2.153127,-1.151938,신중,,64
2025-07-30,53.758072,41.217303,47.998279,39.632022,낙관,3.129096,4.789390,신중,,64
2025-07-31,47.055705,55.377780,39.213088,53.518521,공포,-8.785191,13.886499,낙관,,93
2025-08-01,44.179195,51.627223,39.445710,49.641561,신중,0.232622,-3.876960,공포,,151
2025-08-02,45.079004,54.328405,37.565837,52.425422,공포,-1.879873,2.783861,신중,,18
2025-08-03,58.164251,53.125985,48.470209,51.172901,공포,10.904373,-1.252521,공포,,15
2025-08-04,55.598276,41.390970,49.641318,39.799010,낙관,1.171109,-11.373891,공포,,66
2025-08-05,51.020919,39.907335,45.554392,38.372437,낙관,-4.086926,-1.426572,낙관,,89
2025-08-06,52.266924,39.524881,46.666896,38.004694,낙관,1.112504,-0.367744,낙관,,68
2025-08-07,59.301346,45.871648,53.751530,44.107354,낙관,7.084633,6.102661,낙관,,87
2025-08-08,49.095999,49.552328,43.835713,47.646469,신중,-9.915816,3.539115,낙관,,79
2025-08-09,54.404855,52.688484,45.337379,50.717171,공포,1.501666,3.070701,신중,,22
2025-08-10,35.257132,63.205437,29.380943,61.672330,공포,-15.956436,10.955159,공포,,14
2025-08-11,45.621908,45.641873,40.733846,43.886416,신중,11.352903,-17.785914,공포,,54
2025-08-12,39.362945,55.108372,32.802454,53.237887,공포,-7.931392,9.351471,신중,,58
2025-08-13,59.260960,39.692070,53.705636,38.165452,낙관,20.903182,-15.072435,공포,,57
2025-08-14,52.247730,45.711614,46.649759,43.953475,낙관,-7.055877,5.788023,낙관,,50
2025-08-15,73.984716,48.906102,70.437177,47.025098,낙관,23.787418,3.071623,낙관,,35
2025-08-16,48.478750,66.702457,40.398958,65.315060,공포,-30.038219,18.289962,낙관,,19
2025-08-17,39.896225,53.576025,33.246854,51.641693,공포,-7.152104,-13.673367,공포,,21
2025-08-18,44.073091,42.933729,39.350974,41.282432,신중,6.104120,-10.359261,공포,,37
2025-08-19,41.468617,44.785573,37.025551,43.063051,신중,-2.325423,1.780619,신중,,65
2025-08-20,40.158152,46.451957,35.855493,44.665343,신중,-1.170058,1.602292,신중,,99
2025-08-21,47.529133,52.968807,39.607611,51.009174,공포,3.752118,6.343831,신중,,67
2025-08-22,47.051668,37.745289,42.010418,36.293547,신중,2.402807,-14.715627,공포,,59
2025-08-23,55.814842,51.208923,49.834680,49.239349,낙관,7.824263,12.945802,신중,,36
2025-08-24,74.805039,35.894030,71.369362,34.513491,낙관,21.534682,-14.725858,낙관,,13
2025-08-25,59.929073,35.411610,54.464856,34.049625,낙관,-16.904507,-0.463866,낙관,,63
2025-08-26,63.449040,42.276036,58.464818,40.650035,낙관,3.999962,6.600410,낙관,,59
2025-08-27,38.564920,32.187892,34.432964,30.949896,신중,-24.031854,-9.700139,낙관,,58
2025-08-28,49.797106,38.548711,44.461702,37.066069,신중,10.028737,6.116173,신중,,79
2025-08-29,61.014414,44.359228,55.698198,42.653104,낙관,11.236496,5.587036,신중,,82
2025-08-30,38.903971,55.695863,32.419976,53.849857,공포,-23.278222,11.196753,낙관,,27
2025-08-31,57.901930,42.911887,52.161284,41.261430,낙관,19.741308,-12.588427,공포,,12
2025-09-01,54.246346,45.997224,48.434238,44.228100,낙관,-3.727047,2.966670,낙관,,64
2025-09-02,44.024129,50.906707,39.307258,48.948757,신중,-9.126979,4.720657,낙관,,56
2025-09-03,59.197369,46.588888,53.633374,44.797007,낙관,14.326116,-4.151749,신중,,69
2025-09-04,53.555173,45.919845,47.817119,44.153697,낙관,-5.816255,-0.643310,낙관,,51
2025-09-05,75.692028,44.259997,72.377305,42.557689,낙관,24.560186,-1.596008,낙관,,75
2025-09-06,40.892907,58.754501,34.077422,57.035938,공포,-38.299882,14.478249,낙관,,22
2025-09-07,41.265270,48.035857,36.843991,46.188325,신중,2.766569,-10.847614,공포,,14
2025-09-08,62.795494,44.894607,57.722152,43.167892,낙관,20.878161,-3.020433,신중,,49
2025-09-09,67.053840,46.060039,62.561182,44.288499,낙관,4.839030,1.120608,낙관,,87
2025-09-10,63.152913,42.032850,58.128310,40.416202,낙관,-4.432872,-3.872297,낙관,,141
2025-09-11,54.308430,44.579294,48.489670,42.864706,낙관,-9.638641,2.448503,낙관,,102
2025-09-12,62.231793,47.395673,57.081583,45.572762,낙관,8.591913,2.708057,낙관,,99
2025-09-13,80.817185,50.585720,78.201347,48.640115,낙관,21.119764,3.067353,낙관,,24
2025-09-14,35.885672,45.039473,32.040779,43.307186,신중,-46.160568,-5.332929,낙관,,17
2025-09-15,61.840695,44.552758,56.637153,42.839190,낙관,24.596375,-0.467995,신중,,88
2025-09-16,72.483731,45.157615,68.731513,43.420783,낙관,12.094359,0.581593,낙관,,82
2025-09-17,53.055623,51.917297,47.371092,49.920478,낙관,-21.360421,6.499694,낙관,,80
2025-09-18,59.296370,48.199305,53.745875,46.345485,낙관,6.374783,-3.574993,낙관,,114
2025-09-19,57.518019,40.904079,51.725022,39.330845,낙관,-2.020853,-7.014640,낙관,,82
2025-09-20,65.940754,51.265872,61.296311,49.294108,낙관,9.571290,9.963262,낙관,,35
2025-09-21,79.551323,54.690830,74.439154,52.802947,탐욕,13.142842,3.508840,낙관,,11
2025-09-22,47.521080,49.824892,42.429536,47.908550,신중,-32.009618,-4.894397,탐욕,,69
2025-09-23,56.228690,45.690048,50.259875,43.932738,낙관,7.830339,-3.975812,신중,,81
2025-09-24,53.806471,46.895282,48.041492,45.091618,낙관,-2.218383,1.158879,낙관,,111
2025-09-25,45.349702,41.470645,40.490805,39.875620,신중,-7.550687,-5.215997,낙관,,120
2025-09-26,43.698235,45.384796,39.016281,43.639227,신중,-1.474524,3.763606,신중,,117
2025-09-27,57.840396,53.228994,48.200330,51.280202,공포,9.184049,7.640976,신중,,33
2025-09-28,42.440510,54.155937,35.367092,52.245767,공포,-12.833238,0.965565,공포,,18
2025-09-29,67.297853,47.260566,62.838469,45.442852,낙관,27.471378,-6.802915,공포,,86
2025-09-30,48.137145,44.328115,42.979594,42.623187,신중,-19.858876,-2.819665,낙관,,90
2025-10-01,53.386812,46.349874,47.666796,44.567187,낙관,4.687203,1.944000,신중,,122
2025-10-02,55.269953,39.129701,49.348172,37.624712,낙관,1.681376,-6.942475,낙관,,167
2025-10-03,53.522830,44.393389,47.788241,42.685951,낙관,-1.559931,5.061239,낙관,,52
2025-10-04,66.731445,55.247466,58.414306,53.382777,탐욕,10.626065,10.696826,낙관,,38
2025-10-05,43.921400,43.302174,39.215536,41.636706,신중,-19.198771,-11.746071,탐욕,,19
2025-10-06,55.346587,37.737323,49.416596,36.285888,낙관,10.201060,-5.350818,신중,,60
2025-10-07,58.650903,51.454897,53.012390,49.475862,낙관,3.595794,13.189975,낙관,,75
2025-10-08,52.549492,45.251883,46.919189,43.511426,낙관,-6.093200,-5.964436,낙관,,61
2025-10-09,63.973806,43.929346,59.061143,42.239756,낙관,12.141954,-1.271671,낙관,,70
2025-10-10,46.936485,39.764934,41.907576,38.235513,신중,-17.153567,-4.004242,낙관,,145
2025-10-11,50.196031,55.484069,41.830026,53.629238,공포,-0.077550,15.393725,신중,,109
2025-10-12,50.962327,47.990570,45.502078,46.144779,낙관,3.672052,-7.484460,공포,,29
2025-10-13,54.615934,37.341705,48.764227,35.905486,낙관,3.262149,-10.239293,낙관,,115
2025-10-14,62.419878,54.684926,53.024847,52.796798,탐욕,4.260621,16.891313,낙관,,135
2025-10-15,48.155655,50.030925,42.996121,48.106659,신중,-10.028727,-4.690139,탐욕,,136
2025-10-16,59.233078,45.950367,53.673952,44.183045,낙관,10.677832,-3.923614,신중,,161
2025-10-17,42.181412,43.419104,37.661975,41.749138,신중,-16.011977,-2.433907,낙관,,189
2025-10-18,47.729595,46.739367,42.615710,44.941699,신중,4.953735,3.192561,신중,,29
2025-10-19,49.575061,49.982442,44.263447,48.060040,신중,1.647737,3.118341,신중,,40
2025-10-20,48.083805,41.543978,42.931969,39.946133,신중,-1.331479,-8.113907,신중,,128
2025-10-21,51.672948,50.304437,46.136561,48.369651,낙관,3.204592,8.423518,신중,,134
2025-10-22,47.934431,44.421330,42.798599,42.712817,신중,-3.337962,-5.656834,낙관,,119
2025-10-23,48.751756,44.374456,43.528354,42.667746,신중,0.729754,-0.045072,신중,,141
2025-10-24,49.145342,45.482542,43.879770,43.733213,신중,0.351416,1.065468,신중,,135
2025-10-25,66.055487,50.300471,61.426690,48.365837,낙관,17.546920,4.632624,신중,,25
2025-10-26,46.477979,46.834022,41.498196,45.032713,신중,-19.928494,-3.333124,낙관,,29
2025-10-27,49.368158,47.977921,44.078713,46.132616,신중,2.580517,1.099903,신중,,188
2025-10-28,40.448640,44.542556,36.114857,42.829381,신중,-7.963855,-3.303235,신중,,147
2025-10-29,52.376327,47.210119,46.764578,45.394345,낙관,10.649721,2.564964,신중,,180
2025-10-30,45.661386,47.679047,40.769095,45.845238,신중,-5.995483,0.450893,낙관,,195
2025-10-31,46.984252,44.147686,41.950225,42.449698,신중,1.181130,-3.395540,신중,,141
2025-11-01,48.495844,51.954571,43.299861,49.956318,신중,1.349636,7.506620,신중,,53
2025-11-02,58.759957,48.307289,53.136315,46.449317,낙관,9.836454,-3.507001,신중,,33
2025-11-03,42.176337,46.942693,37.657444,45.137205,신중,-15.478871,-1.312112,낙관,,184
2025-11-04,34.427226,44.699329,30.738595,42.980124,신중,-6.918849,-2.157081,신중,,161
2025-11-05,39.749739,53.559893,33.124783,51.624889,공포,2.386188,8.644765,신중,,266
2025-11-06,44.467095,52.092326,37.055912,50.096173,공포,3.931130,-1.528716,공포,,175
2025-11-07,48.208896,49.250829,43.043657,47.356567,신중,5.987745,-2.739607,공포,,184
2025-11-08,49.839258,55.921185,41.532715,54.084568,공포,-1.510942,6.728001,신중,,38
2025-11-09,42.352703,40.088144,37.814913,38.546292,신중,-3.717802,-15.538276,공포,,34
2025-11-10,46.133391,39.047692,41.190528,37.545857,신중,3.375614,-1.000435,신중,,137
2025-11-11,57.826320,42.640438,52.075364,41.000421,낙관,10.884836,3.454563,신중,,154
2025-11-12,52.020259,47.602816,46.446660,45.771938,낙관,-5.628704,4.771518,낙관,,151
2025-11-13,46.686302,50.410147,41.684198,48.471296,신중,-4.762462,2.699357,낙관,,158
2025-11-14,42.191463,55.449498,35.159552,53.593227,공포,-6.524646,5.121931,신중,,199
2025-11-15,44.817359,55.816788,37.347799,53.975821,공포,2.188247,0.382594,공포,,55
2025-11-16,57.774505,58.842975,48.145421,57.128099,공포,10.797622,3.152278,공포,,28
2025-11-17,52.127238,40.069833,46.542177,38.528686,낙관,-1.603244,-18.599414,공포,,110
2025-11-18,47.021969,50.722878,41.983901,48.771998,신중,-4.558276,10.243313,낙관,,157
2025-11-19,45.513207,38.138874,40.636792,36.671995,신중,-1.347109,-12.100004,신중,,153
2025-11-20,51.202237,41.205024,45.716283,39.620215,낙관,5.079491,2.948220,신중,,172
2025-11-21,43.115768,45.546223,38.496221,43.794446,신중,-7.220062,4.174231,낙관,,215
2025-11-22,50.874337,67.799716,42.395281,66.458038,공포,3.899059,22.663592,신중,,42
2025-11-23,41.632552,53.345053,34.693793,51.401097,공포,-7.701488,-15.056941,공포,,32
2025-11-24,53.323122,48.667969,47.609930,46.796124,낙관,12.916137,-4.604972,공포,,130
2025-11-25,52.439818,48.205123,46.821266,46.351080,낙관,-0.788664,-0.445044,낙관,,168
2025-11-26,38.321684,44.080953,34.215789,42.385532,신중,-12.605477,-3.965548,낙관,,148
2025-11-27,55.803259,41.966579,49.824338,40.352480,낙관,15.608549,-2.033052,신중,,131
2025-11-28,53.696805,41.763543,47.943576,40.157252,낙관,-1.880763,-0.195228,낙관,,98
2025-11-29,54.140010,47.040458,48.339295,45.231209,낙관,0.395719,5.073957,낙관,,43
2025-11-30,54.408057,50.606050,48.578622,48.659663,낙관,0.239328,3.428454,낙관,,40
2025-12-01,43.492535,37.392967,38.832621,35.954776,신중,-9.746002,-12.704887,낙관,,97
2025-12-02,51.984035,40.302840,46.414317,38.752731,낙관,7.581696,2.797955,신중,,91
2025-12-03,58.954931,38.177013,53.357876,36.708667,낙관,6.943559,-2.044064,낙관,,117
2025-12-04,52.480719,38.604050,46.857785,37.119279,낙관,-6.500091,0.410612,낙관,,97
2025-12-05,55.078883,43.563417,49.177574,41.887901,낙관,2.319789,4.768622,낙관,,152
2025-12-06,56.795349,50.398218,50.903806,48.459825,낙관,1.726232,6.571924,낙관,,33
2025-12-07,48.696531,46.709338,43.479046,44.912825,신중,-7.424760,-3.547000,낙관,,31
2025-12-08,56.470415,36.679543,50.534562,35.268791,낙관,7.055517,-9.644034,신중,,126
2025-12-09,74.829123,46.219605,71.396731,44.441928,낙관,20.862168,9.173137,낙관,,96
2025-12-10,52.231432,40.371884,46.635207,38.819120,낙관,-24.761524,-5.622809,낙관,,89
2025-12-11,44.671501,54.354638,37.226251,52.452748,공포,-9.408956,13.633628,낙관,,145
2025-12-12,64.066669,55.614040,55.083336,53.764625,탐욕,17.857085,1.311877,공포,,136
2025-12-13,61.500726,58.785361,51.875907,57.068084,탐욕,-3.207429,3.303459,탐욕,,63
2025-12-14,47.334283,44.746429,42.262753,43.025413,신중,-9.613155,-14.042671,탐욕,,26
2025-12-15,49.275210,53.638856,41.062675,51.707142,공포,-1.200078,8.681729,신중,,108
2025-12-16,49.215500,50.917732,43.942411,48.959357,신중,2.879736,-2.747784,공포,,150
2025-12-17,47.653597,50.882022,42.547854,48.925021,신중,-1.394556,-0.034337,신중,,124
2025-12-18,45.143107,54.116398,37.619256,52.204581,공포,-4.928599,3.279561,신중,,152
2025-12-19,51.780326,53.319057,43.150272,51.374018,공포,5.531016,-0.830563,공포,,126
2025-12-20,83.212640,53.721437,79.015800,51.793164,탐욕,35.865528,0.419146,공포,,49
2025-12-21,47.478985,48.505011,42.391951,46.639434,신중,-36.623849,-5.153730,탐욕,,23
2025-12-22,67.614613,57.862469,59.518266,56.106738,탐욕,17.126315,9.467305,신중,,89
2025-12-23,47.326985,55.602102,39.439154,53.752190,공포,-20.079112,-2.354549,탐욕,,137
2025-12-24,44.718671,51.709780,39.927385,49.720943,신중,0.488231,-4.031247,공포,,165
2025-12-25,51.180936,58.683992,42.650780,56.962492,공포,2.723395,7.241549,신중,,52
2025-12-26,70.598102,52.810069,63.247628,50.843822,탐욕,20.596847,-6.118670,공포,,122
2025-12-27,46.514534,57.800299,38.762112,56.041978,공포,-24.485516,5.198157,탐욕,,60
2025-12-28,47.761775,56.373634,39.801479,54.555868,공포,1.039368,-1.486110,공포,,37
2025-12-29,48.689558,48.483909,43.472820,46.619143,신중,3.671340,-7.936726,공포,,102
2025-12-30,63.189933,58.951556,53.987416,57.241204,탐욕,10.514597,10.622061,신중,,101
2025-12-31,42.194412,55.692470,35.162010,53.846323,공포,-18.825406,-3.394881,탐욕,,59
2026-01-01,52.464384,58.317218,43.720320,56.580435,공포,8.558310,2.734112,공포,,40
2026-01-02,53.616595,38.839111,47.871960,37.345299,낙관,4.151640,-19.235135,공포,,138
2026-01-03,50.469775,59.259001,42.058146,57.561459,공포,-5.813814,20.216160,낙관,,52
2026-01-04,52.512886,49.407687,46.886505,47.507391,낙관,4.828360,-10.054068,공포,,52
2026-01-05,48.346527,54.084732,40.288773,52.171596,공포,-6.597733,4.664205,낙관,,159
2026-01-06,55.423407,47.753318,49.485185,45.916652,낙관,9.196412,-6.254944,공포,,197
2026-01-07,58.827749,50.035998,53.213351,48.111536,낙관,3.728166,2.194884,낙관,,160
2026-01-08,50.332269,52.718804,41.943557,50.748754,공포,-11.269794,2.637218,낙관,,140
2026-01-09,52.509479,50.158938,46.883463,48.229748,낙관,4.939906,-2.519006,공포,,156
2026-01-10,60.061270,45.768239,54.615080,44.007923,낙관,7.731616,-4.221826,낙관,,50
2026-01-11,61.155005,55.614155,51.443756,53.764745,탐욕,-3.171323,9.756823,낙관,,32
2026-01-12,57.156577,58.816292,47.630481,57.100304,공포,-3.813275,3.335559,탐욕,,140
2026-01-13,58.770030,55.330466,48.975025,53.469236,공포,1.344544,-3.631068,공포,,177
2026-01-14,49.902360,60.485764,41.585300,58.839338,공포,-7.389725,5.370102,공포,,134
2026-01-15,64.409402,55.965540,55.511753,54.130771,탐욕,13.926452,-4.708567,공포,,174
2026-01-16,53.942609,62.600180,44.952174,61.041855,공포,-10.559578,6.911084,탐욕,,153
2026-01-17,57.650034,46.805470,51.875039,45.005260,낙관,6.922864,-16.036595,공포,,57
2026-01-18,50.360756,55.967997,41.967297,54.133330,공포,-9.907742,9.128070,낙관,,38
2026-01-19,51.349720,58.092045,42.791433,56.345880,공포,0.824137,2.212550,공포,,178
2026-01-20,44.337227,58.975278,36.947689,57.265915,공포,-5.843744,0.920035,공포,,187
2026-01-21,55.070324,64.720442,45.891937,63.250460,공포,8.944248,5.984545,공포,,216
2026-01-22,59.026383,59.083342,49.188653,57.378481,공포,3.296716,-5.871979,공포,bull,195
2026-01-23,53.621371,62.787303,44.684476,61.236774,공포,-4.504177,3.858294,공포,bull,160
2026-01-24,52.908394,47.905909,47.239638,46.063374,낙관,2.555162,-15.173400,공포,bull,56
2026-01-25,52.991857,57.524698,44.159881,55.754893,공포,-3.079757,9.691519,낙관,bull,51
2026-01-26,59.233874,57.568346,49.361562,55.800360,공포,5.201681,0.045466,공포,bull,197
2026-01-27,55.979502,59.032132,46.649585,57.325138,공포,-2.711977,1.524778,공포,bull,215
2026-01-28,59.233476,67.042631,49.361230,65.669407,공포,2.711645,8.344269,공포,bull,228
2026-01-29,53.745070,65.479522,44.787558,64.041169,공포,-4.573672,-1.628238,공포,bull,242
2026-01-30,48.211085,70.644069,40.175904,69.420905,공포,-4.611654,5.379736,공포,bull,283
2026-01-31,64.653017,58.925728,55.816271,57.214300,탐욕,15.640367,-12.206606,공포,bull,87
2026-02-01,68.549266,64.912003,60.686583,63.450003,탐욕,4.870311,6.235703,탐욕,bull,54
2026-02-02,57.446865,61.085688,47.872388,59.464258,공포,-12.814195,-3.985745,탐욕,bull,265
2026-02-03,56.897537,61.227630,47.414614,59.612115,공포,-0.457773,0.147857,공포,bull,236
2026-02-04,63.000654,65.464061,53.750817,64.025064,탐욕,6.336203,4.412949,공포,bull,230
2026-02-05,48.551032,71.081767,40.459193,69.876840,공포,-13.291624,5.851777,탐욕,bull,285
2026-02-06,55.477245,68.326275,46.231038,67.006536,공포,5.771844,-2.870304,공포,bull,305
2026-02-07,50.001279,57.133146,41.667732,55.347027,공포,-4.563305,-11.659510,공포,bull,99
2026-02-08,44.369055,56.763443,36.974213,54.961920,공포,-4.693520,-0.385107,공포,bull,54
2026-02-09,55.438334,52.126444,46.198612,50.131713,공포,9.224399,-4.830207,공포,bull,156
2026-02-10,59.649851,59.008896,49.708209,57.300934,공포,3.509598,7.169221,공포,bull,164
2026-02-11,56.866488,61.783744,47.388740,60.191400,공포,-2.319469,2.890467,공포,bull,157
2026-02-12,63.004833,59.734384,53.756041,58.056650,탐욕,6.367301,-2.134751,공포,bull,203
2026-02-13,58.507208,72.085072,48.756007,70.921950,공포,-5.000035,12.865300,탐욕,bull,247
2026-02-14,53.738311,60.437038,44.781926,58.788581,공포,-3.974081,-12.133369,공포,bull,54
2026-02-15,50.200052,70.588532,41.833377,69.363055,공포,-2.948549,10.574473,공포,bull,23
2026-02-16,58.997083,55.450692,49.164236,53.594471,공포,7.330859,-15.768584,공포,bull,23
2026-02-17,45.335185,52.788230,37.779321,50.821073,공포,-11.384915,-2.773398,공포,bull,41
2026-02-18,52.161798,46.956191,46.573034,45.150183,낙관,8.793713,-5.670889,공포,bull,54
2026-02-19,52.443202,65.068672,43.702668,63.613200,공포,-2.870366,18.463016,낙관,bull,156
2026-02-20,53.007855,72.049548,44.173212,70.884946,공포,0.470544,7.271747,공포,bull,191
2026-02-21,50.678286,66.621551,42.231905,65.230782,공포,-1.941308,-5.654164,공포,bull,82
2026-02-22,49.628815,66.840188,41.357346,65.458529,공포,-0.874559,0.227747,공포,bull,46
2026-02-23,58.127754,67.262232,48.439795,65.898159,공포,7.082449,0.439630,공포,bull,154
2026-02-24,52.379113,72.914898,43.649261,71.786352,공포,-4.790534,5.888193,공포,bull,237
2026-02-25,56.524850,67.471433,47.104042,66.116076,공포,3.454781,-5.670275,공포,bull,282
2026-02-26,51.090580,68.815156,42.575483,67.515788,공포,-4.528558,1.399712,공포,bull,307
2026-02-27,48.661296,66.232695,40.551080,64.825724,공포,-2.024403,-2.690064,공포,,308
2026-02-28,46.023923,59.937797,38.353269,58.268539,공포,-2.197811,-6.557185,공포,,152
2026-03-01,42.165036,65.436330,35.137530,63.996177,공포,-3.215739,5.727638,공포,,71
2026-03-02,50.138710,53.891876,41.782258,51.970705,공포,6.644728,-12.025472,공포,,135
2026-03-03,52.314826,71.349124,43.595688,70.155338,공포,1.813430,18.184633,공포,bear,378
2026-03-04,49.209728,76.078841,41.008107,75.082126,공포,-2.587582,4.926788,공포,bear,556
2026-03-05,58.325691,75.365247,48.604743,74.338799,공포,7.596636,-0.743327,공포,bear,330
2026-03-06,45.796430,69.127745,38.163692,67.841401,공포,-10.441051,-6.497399,공포,bear,261
2026-03-07,44.850331,54.255973,37.375276,52.349972,공포,-0.788416,-15.491429,공포,,101
2026-03-08,48.436888,66.331125,40.364073,64.928256,공포,2.988797,12.578283,공포,,72
2026-03-09,54.860146,64.345801,45.716788,62.860210,공포,5.352715,-2.068046,공포,,360
2026-03-10,45.296760,57.450326,37.747300,55.677423,공포,-7.969488,-7.182786,공포,,259
2026-03-11,49.549476,68.457110,41.291230,67.142823,공포,3.543930,11.465400,공포,,185
2026-03-12,50.658781,65.800986,42.215651,64.376027,공포,0.924421,-2.766796,공포,,182
2026-03-13,52.861965,66.793473,44.051637,65.409868,공포,1.835987,1.033841,공포,,185
2026-03-14,33.260562,58.388207,27.717135,56.654382,공포,-16.334502,-8.755486,공포,,67
2026-03-15,37.281949,53.480276,31.068291,51.541954,공포,3.351156,-5.112428,공포,,47
2026-03-16,39.716401,66.259276,33.097001,64.853413,공포,2.028710,13.311459,공포,,156
2026-03-17,58.611202,63.208049,48.842668,61.675051,공포,15.745668,-3.178361,공포,,206
2026-03-18,53.012533,68.017690,44.177111,66.685093,공포,-4.665558,5.010042,공포,,284
2026-03-19,49.340293,65.061907,41.116911,63.606153,공포,-3.060200,-3.078940,공포,,266
2026-03-20,64.656002,70.989436,55.820003,69.780662,탐욕,14.703092,6.174509,공포,,196
2026-03-21,50.635892,63.148231,42.196577,61.612740,공포,-13.623426,-8.167922,탐욕,,80
2026-03-22,45.986081,60.574318,38.321734,58.931581,공포,-3.874842,-2.681159,공포,,62
2026-03-23,47.401025,68.142991,39.500854,66.815615,공포,1.179120,7.884034,공포,,403
2026-03-24,53.646848,67.440954,44.705707,66.084327,공포,5.204853,-0.731288,공포,,270
2026-03-25,52.830120,62.145146,44.025100,60.567860,공포,-0.680607,-5.516467,공포,,267
2026-03-26,53.103192,68.083585,44.252660,66.753735,공포,0.227560,6.185874,공포,,237
2026-03-27,45.462155,71.160603,37.885129,69.958962,공포,-6.367531,3.205227,공포,,250
2026-03-28,46.395416,63.586487,38.662847,62.069257,공포,0.777717,-7.889705,공포,,106
2026-03-29,49.314166,38.143641,44.030505,36.676578,신중,5.367659,-25.392679,공포,,58
2026-03-30,59.642983,40.003062,54.139753,38.464483,낙관,10.109248,1.787905,신중,,191
2026-03-31,61.839022,48.052869,56.635252,46.204682,낙관,2.495499,7.740199,낙관,,313
2026-04-01,64.706948,44.625581,59.894259,42.909213,낙관,3.259007,-3.295469,낙관,,296
2026-04-02,53.706293,51.767993,47.952047,49.776916,낙관,-11.942212,6.867704,낙관,,397
2026-04-03,53.257412,44.045229,47.551261,42.351182,낙관,-0.400787,-7.425735,낙관,,195
2026-04-04,50.472963,31.386539,45.065146,30.179365,낙관,-2.486115,-12.171817,낙관,,59
2026-04-05,49.779634,32.225109,44.446102,30.985682,신중,-0.619044,0.806317,낙관,,62
2026-04-13,46.215342,43.398723,41.263698,41.729541,신중,-3.182404,10.743859,신중,,162
2026-04-14,71.110799,46.851226,67.171363,45.049256,낙관,25.907664,3.319715,신중,,268
2026-04-15,59.177922,46.990101,53.611275,45.182789,낙관,-13.560087,0.133533,낙관,,281
2026-04-16,66.481345,50.530601,61.910619,48.587116,낙관,8.299344,3.404327,낙관,,288
2026-04-17,65.119792,47.966622,60.363400,46.121752,낙관,-1.547219,-2.465365,낙관,,201
