date,anchor_label,anchor_bull,anchor_bear,post_count,fear_weighted_mean,greed_weighted_mean,uncertainty_weighted_mean,fear_dominant_share,greed_dominant_share,mixed_share,uncertain_share,neutral_share,fear_high_share,greed_high_share,active_emotion_share,dominant_diff,dominant_spread,high_share_diff,high_share_spread,avg_engagement_weight,noise_ratio,short_ratio,question_ratio,meme_ratio,news_ratio,stance_calibrated_raw,stance_calibrated_0_100,stance_reliability,stance_calibrated_shrunk_0_100
2025-03-28,,0,0,40,1.643019,0.0,1.014299,0.266247,0.0,0.0,0.032956,0.700797,0.266247,0.0,0.266247,-0.266247,-1.0,-0.266247,-1.0,2.334389,0.325,0.725,0.375,0.05,0.15,-0.228376,29.341063,0.809619,33.274124
2025-03-29,,0,0,15,1.285815,0.049355,1.413915,0.186805,0.024677,0.0,0.084665,0.703852,0.186805,0.0,0.186805,-0.162128,-0.766625,-0.186805,-1.0,2.447118,0.2,0.866667,0.6,0.133333,0.066667,-0.175082,34.644668,0.578648,41.114667
2025-03-30,,0,0,10,1.731993,0.0,0.830682,0.336362,0.0,0.0,0.0,0.663638,0.336362,0.0,0.336362,-0.336362,-1.0,-0.336362,-1.0,2.308249,0.1,0.5,0.4,0.1,0.2,-0.233497,28.831442,0.579810,37.726265
2025-03-31,,0,0,50,2.449123,0.086194,1.028177,0.543862,0.0,0.0,0.0,0.456138,0.543862,0.0,0.543862,-0.543862,-1.0,-0.543862,-1.0,2.066108,0.26,0.62,0.44,0.06,0.14,-0.168517,35.297991,0.863870,37.299374
2025-04-01,,0,0,69,1.745082,0.206087,0.951031,0.37182,0.032818,0.0,0.03866,0.556702,0.37182,0.0,0.37182,-0.339002,-0.837789,-0.37182,-1.0,2.217716,0.231884,0.753623,0.42029,0.057971,0.115942,-0.042218,47.866760,0.953661,47.965613
2025-04-02,,0,0,49,1.879568,0.114106,1.137829,0.385655,0.0,0.0,0.0,0.614345,0.385655,0.0,0.385655,-0.385655,-1.0,-0.385655,-1.0,2.163541,0.040816,0.571429,0.591837,0.0,0.142857,-0.130854,39.046061,0.858705,40.593793
2025-04-03,bear,0,1,66,2.136482,0.153974,1.020644,0.461436,0.0,0.0,0.047194,0.49137,0.461436,0.0,0.461436,-0.461436,-1.0,-0.461436,-1.0,2.14765,0.181818,0.606061,0.424242,0.060606,0.106061,-0.099308,42.185393,0.940392,42.651208
2025-04-04,bear,0,1,69,2.063292,0.20042,1.034415,0.414659,0.017434,0.022863,0.0,0.545044,0.437523,0.040297,0.454956,-0.397226,-0.919307,-0.397226,-0.83133,2.34377,0.246377,0.710145,0.362319,0.072464,0.144928,-0.051364,46.956587,0.953661,47.097617
2025-04-05,bear,0,1,34,2.178744,0.035472,1.054233,0.486181,0.0,0.0,0.0,0.513819,0.486181,0.0,0.486181,-0.486181,-1.0,-0.486181,-1.0,2.233625,0.117647,0.647059,0.588235,0.029412,0.029412,-0.211482,31.022287,0.773748,35.316030
2025-04-06,bear,0,1,24,2.141724,0.092931,1.213121,0.483836,0.0,0.0,0.060334,0.45583,0.483836,0.0,0.483836,-0.483836,-1.0,-0.483836,-1.0,2.388923,0.125,0.791667,0.625,0.0,0.041667,-0.157788,36.365698,0.706020,40.373915
2025-04-07,bear,0,1,119,1.676725,0.123587,1.060553,0.325583,0.0,0.0,0.020293,0.654124,0.335743,0.0,0.335743,-0.325583,-1.0,-0.335743,-1.0,2.191577,0.226891,0.756303,0.478992,0.05042,0.033613,-0.117740,40.351114,1.000000,40.351114
2025-04-08,bear,0,1,77,2.055688,0.109219,1.007287,0.401084,0.017659,0.0,0.013979,0.567277,0.401084,0.0,0.401084,-0.383425,-0.915656,-0.401084,-1.0,2.23604,0.194805,0.675325,0.402597,0.064935,0.090909,-0.135543,38.579431,0.987696,38.719949
2025-04-09,bear,0,1,87,2.436836,0.163726,1.143893,0.52364,0.011829,0.0,0.013752,0.45078,0.52364,0.0,0.52364,-0.511811,-0.955818,-0.52364,-1.0,2.304946,0.126437,0.655172,0.494253,0.011494,0.08046,-0.094142,42.699492,1.000000,42.699492
2025-04-10,bear,0,1,110,2.174116,0.275382,1.008022,0.463574,0.026991,0.007453,0.009324,0.492658,0.471027,0.021426,0.485,-0.436582,-0.889959,-0.449601,-0.912982,2.268043,0.209091,0.727273,0.427273,0.145455,0.090909,0.015375,53.598184,1.000000,53.598184
2025-04-11,,0,0,100,1.917277,0.183611,0.988129,0.442627,0.026914,0.0,0.011191,0.519268,0.442627,0.010555,0.453182,-0.415713,-0.885361,-0.432072,-0.953417,2.264983,0.31,0.74,0.4,0.09,0.05,-0.068546,45.246703,1.000000,45.246703
2025-04-12,,0,0,51,2.425637,0.146668,1.298701,0.523986,0.0,0.0,0.0,0.476014,0.523986,0.0,0.523986,-0.523986,-1.0,-0.523986,-1.0,2.324837,0.117647,0.607843,0.686275,0.019608,0.039216,-0.110745,41.047228,0.868983,42.220190
2025-04-13,,0,0,46,2.128969,0.154315,1.12244,0.439519,0.021166,0.0,0.0,0.539314,0.439519,0.0,0.439519,-0.418353,-0.908109,-0.439519,-1.0,2.306609,0.043478,0.478261,0.652174,0.021739,0.065217,-0.096154,42.499266,0.842887,43.677730
2025-04-14,,0,0,81,1.978843,0.273506,1.166605,0.438698,0.05024,0.0,0.029355,0.481707,0.438698,0.024539,0.463237,-0.388458,-0.794494,-0.414159,-0.894056,2.247273,0.209877,0.728395,0.506173,0.037037,0.061728,0.017006,53.760495,1.000000,53.760495
2025-04-15,,0,0,59,2.390575,0.192933,1.072062,0.510973,0.0,0.0,0.019406,0.469621,0.510973,0.0,0.510973,-0.510973,-1.0,-0.510973,-1.0,2.352394,0.101695,0.457627,0.525424,0.016949,0.101695,-0.066701,45.430310,0.908206,45.849781
2025-04-16,,0,0,73,2.254557,0.150822,0.939842,0.430001,0.005031,0.0,0.0,0.564968,0.44672,0.005031,0.451751,-0.42497,-0.976871,-0.441689,-0.977727,2.317569,0.260274,0.589041,0.438356,0.013699,0.136986,-0.099863,42.130161,0.970912,42.359082
2025-04-17,,0,0,66,2.491565,0.217676,1.012417,0.51228,0.01391,0.0173,0.0,0.456509,0.52958,0.0173,0.52958,-0.49837,-0.947128,-0.51228,-0.936733,2.36546,0.181818,0.621212,0.424242,0.030303,0.060606,-0.042966,47.792322,0.940392,47.923918
2025-04-18,,0,0,70,2.09958,0.228393,1.181457,0.454757,0.031842,0.0,0.015534,0.497868,0.454757,0.0,0.454757,-0.422916,-0.869126,-0.454757,-1.0,2.197125,0.271429,0.642857,0.4,0.042857,0.1,-0.027635,49.318002,0.958019,49.346633
2025-04-19,,0,0,27,1.832524,0.274515,1.085591,0.314246,0.0,0.049768,0.072079,0.563907,0.364015,0.049768,0.364015,-0.314246,-1.0,-0.314246,-0.759447,2.281401,0.074074,0.481481,0.62963,0.0,0.074074,0.023741,54.430735,0.727616,53.223873
2025-04-20,,0,0,21,2.405922,0.0,1.561572,0.574448,0.0,0.0,0.0,0.425552,0.574448,0.0,0.574448,-0.574448,-1.0,-0.574448,-1.0,2.334046,0.047619,0.47619,0.714286,0.0,0.047619,-0.251000,27.089614,0.683026,34.351613
2025-04-21,,0,0,56,2.190322,0.253688,1.084109,0.440074,0.027744,0.016752,0.021104,0.494327,0.456825,0.044496,0.484569,-0.41233,-0.881389,-0.41233,-0.822486,2.234175,0.160714,0.607143,0.5,0.017857,0.089286,-0.002890,51.780525,0.893829,51.591485
2025-04-22,,0,0,71,2.748049,0.236074,1.232815,0.611555,0.0,0.033481,0.016983,0.337981,0.645036,0.033481,0.645036,-0.611555,-1.0,-0.611555,-0.901312,2.248338,0.098592,0.309859,0.661972,0.014085,0.084507,-0.033939,48.690653,0.962347,48.739954
2025-04-23,,0,0,76,2.31683,0.185036,0.972741,0.533756,0.003882,0.0,0.0,0.462362,0.533756,0.003882,0.537638,-0.529875,-0.985561,-0.529875,-0.985561,2.204854,0.25,0.592105,0.407895,0.065789,0.092105,-0.075406,44.564024,0.983542,44.653491
2025-04-24,,0,0,56,2.104131,0.292355,1.042385,0.423372,0.027489,0.0,0.0,0.54914,0.423372,0.027489,0.45086,-0.395883,-0.878061,-0.395883,-0.878061,2.354782,0.214286,0.535714,0.410714,0.035714,0.089286,0.034342,55.485704,0.893829,54.903281
2025-04-25,,0,0,73,2.082687,0.138063,1.117681,0.453475,0.014614,0.0,0.017486,0.514424,0.453475,0.014614,0.468089,-0.438861,-0.937559,-0.438861,-0.937559,2.229378,0.164384,0.465753,0.547945,0.041096,0.041096,-0.112470,40.875563,0.970912,41.140978
2025-04-26,,0,0,30,2.411496,0.360015,1.428431,0.458404,0.014364,0.042919,0.0,0.484314,0.501322,0.057283,0.515686,-0.44404,-0.939236,-0.44404,-0.794909,2.305381,0.066667,0.2,0.6,0.066667,0.066667,0.093763,61.399043,0.748042,58.526964
2025-04-27,,0,0,26,3.05197,0.331304,1.716708,0.68235,0.0375,0.0,0.0,0.280151,0.68235,0.0375,0.719849,-0.64485,-0.895813,-0.64485,-0.895813,2.275134,0.115385,0.307692,0.653846,0.0,0.0,0.052239,57.266742,0.720557,55.236102
2025-04-28,,0,0,53,2.054323,0.173339,1.08263,0.47435,0.020232,0.0,0.0,0.505418,0.482462,0.0,0.482462,-0.454118,-0.918186,-0.482462,-1.0,2.270212,0.132075,0.490566,0.490566,0.037736,0.113208,-0.081112,43.996185,0.879062,44.722276
2025-04-29,,0,0,57,2.472295,0.184682,1.097326,0.569348,0.015106,0.0,0.0,0.415546,0.569348,0.0,0.569348,-0.554242,-0.948307,-0.569348,-1.0,2.262311,0.122807,0.368421,0.438596,0.017544,0.122807,-0.077765,44.329265,0.898663,44.903919
2025-04-30,,0,0,46,1.967903,0.185157,1.126028,0.367603,0.029015,0.0,0.022965,0.580417,0.367603,0.0,0.367603,-0.338588,-0.853687,-0.367603,-1.0,2.317214,0.23913,0.608696,0.347826,0.043478,0.217391,-0.061695,45.928487,0.842887,46.568175
2025-05-01,,0,0,46,2.127171,0.082589,1.315067,0.43155,0.025647,0.0,0.024097,0.518705,0.43155,0.0,0.43155,-0.405903,-0.887808,-0.43155,-1.0,2.238682,0.152174,0.456522,0.586957,0.021739,0.0,-0.162111,35.935490,0.842887,38.145209
2025-05-02,,0,0,85,2.265784,0.157732,1.119162,0.503495,0.0,0.011424,0.0,0.485081,0.514919,0.011424,0.514919,-0.503495,-1.0,-0.503495,-0.956591,2.104486,0.176471,0.623529,0.505882,0.023529,0.094118,-0.098903,42.225697,1.000000,42.225697
2025-05-03,,0,0,15,1.589451,0.0,0.914817,0.336213,0.0,0.0,0.0,0.663787,0.336213,0.0,0.336213,-0.336213,-1.0,-0.336213,-1.0,2.309475,0.266667,0.4,0.466667,0.0,0.0,-0.233443,28.836816,0.631458,36.636333
2025-05-04,,0,0,10,2.329503,0.112257,1.323648,0.553218,0.0,0.0,0.0,0.446782,0.553218,0.0,0.553218,-0.553218,-1.0,-0.553218,-1.0,2.405231,0.1,0.3,0.6,0.0,0.2,-0.144887,37.649554,0.579810,42.839092
2025-05-05,,0,0,34,1.998195,0.234097,1.07443,0.36144,0.038154,0.0,0.034906,0.5655,0.36144,0.038154,0.399594,-0.323287,-0.809038,-0.323287,-0.809038,2.239121,0.147059,0.676471,0.441176,0.029412,0.205882,-0.014608,50.614396,0.773748,50.475388
2025-05-06,,0,0,25,2.411878,0.166478,1.024957,0.463041,0.0,0.0,0.04,0.49696,0.463041,0.0,0.463041,-0.463041,-1.0,-0.463041,-1.0,2.401917,0.12,0.48,0.48,0.0,0.24,-0.087863,43.324353,0.713361,45.237853
2025-05-07,,0,0,38,2.091059,0.177697,0.699278,0.402706,0.0,0.0,0.027692,0.569602,0.402706,0.0,0.402706,-0.402706,-1.0,-0.402706,-1.0,2.381459,0.157895,0.578947,0.315789,0.052632,0.263158,-0.072933,44.810127,0.797982,45.858577
2025-05-08,,0,0,63,2.289723,0.213261,1.164628,0.405116,0.0,0.00536,0.056291,0.533232,0.41676,0.00536,0.41676,-0.405116,-1.0,-0.4114,-0.974604,2.129393,0.222222,0.571429,0.428571,0.063492,0.190476,-0.040135,48.074052,0.926818,48.214997
2025-05-09,,0,0,61,1.850113,0.397329,0.934392,0.320926,0.020034,0.020367,0.017007,0.621665,0.365069,0.040402,0.385103,-0.300892,-0.882482,-0.324667,-0.800716,2.357523,0.196721,0.491803,0.377049,0.032787,0.131148,0.138753,65.876267,0.917588,64.567874
2025-05-10,,0,0,14,1.352784,0.0,1.073951,0.197419,0.0,0.0,0.0,0.802581,0.197419,0.0,0.197419,-0.197419,-1.0,-0.197419,-1.0,2.337269,0.214286,0.571429,0.571429,0.0,0.071429,-0.223287,29.847500,0.585990,38.190833
2025-05-11,,0,0,18,2.745667,0.327356,1.234872,0.605857,0.053782,0.0,0.0,0.34036,0.605857,0.053782,0.65964,-0.552075,-0.836934,-0.552075,-0.836934,2.259571,0.055556,0.444444,0.611111,0.0,0.111111,0.055396,57.580913,0.658322,54.990682
2025-05-12,,0,0,67,2.015615,0.358629,0.993646,0.468643,0.080145,0.0,0.018239,0.432973,0.468643,0.025432,0.494075,-0.388498,-0.707921,-0.443211,-0.897052,2.231311,0.283582,0.656716,0.38806,0.104478,0.089552,0.095863,61.608027,0.944848,60.967817
2025-05-13,,0,0,47,2.473118,0.362591,1.07325,0.512979,0.023804,0.024838,0.0,0.438379,0.537817,0.024838,0.537817,-0.489176,-0.911309,-0.512979,-0.911712,2.175211,0.148936,0.489362,0.510638,0.06383,0.170213,0.092531,61.276440,0.848216,59.564852
2025-05-14,,0,0,64,1.960836,0.241929,1.446304,0.375204,0.028391,0.0,0.018086,0.578319,0.394036,0.01271,0.406745,-0.346813,-0.859309,-0.381326,-0.937506,2.277296,0.234375,0.46875,0.5,0.109375,0.125,-0.009494,51.123321,0.931378,51.046236
2025-05-15,,0,0,35,2.501398,0.223291,1.116363,0.509264,0.035271,0.0,0.0,0.455465,0.509264,0.0,0.509264,-0.473992,-0.870453,-0.509264,-1.0,2.272239,0.171429,0.428571,0.4,0.057143,0.2,-0.036267,48.458980,0.779935,48.798105
2025-05-16,,0,0,62,2.178365,0.1382,1.171319,0.502281,0.006397,0.0,0.05389,0.437432,0.502281,0.0,0.502281,-0.495884,-0.974849,-0.502281,-1.0,2.259975,0.209677,0.483871,0.483871,0.048387,0.096774,-0.116604,40.464164,0.922222,41.205847
2025-05-17,,0,0,36,2.017608,0.14144,1.213607,0.400197,0.014354,0.0,0.03669,0.54876,0.400197,0.014354,0.41455,-0.385843,-0.930751,-0.385843,-0.930751,2.308529,0.222222,0.444444,0.666667,0.111111,0.027778,-0.105453,41.573867,0.786033,43.376779
2025-05-18,,0,0,27,2.453409,0.24223,1.338122,0.590743,0.0,0.0,0.0,0.409257,0.590743,0.0,0.590743,-0.590743,-1.0,-0.590743,-1.0,2.264176,0.074074,0.37037,0.666667,0.037037,0.037037,-0.026604,49.420603,0.727616,49.578422
2025-05-19,,0,0,46,2.491342,0.310869,1.068315,0.596875,0.068731,0.0,0.0,0.334394,0.596875,0.05092,0.647795,-0.528143,-0.793477,-0.545954,-0.842789,2.195727,0.130435,0.5,0.413043,0.0,0.130435,0.041609,56.208887,0.842887,55.233390
2025-05-20,,0,0,39,2.728887,0.344985,1.014754,0.667017,0.055154,0.0,0.0,0.277829,0.667017,0.033155,0.700172,-0.611863,-0.847254,-0.633862,-0.905295,2.367433,0.076923,0.25641,0.487179,0.128205,0.051282,0.067168,58.752416,0.803838,57.035523
2025-05-21,,0,0,53,2.231026,0.296154,1.469062,0.501378,0.062229,0.0,0.050017,0.386376,0.501378,0.054856,0.556235,-0.439149,-0.779176,-0.446522,-0.802759,2.222758,0.283019,0.490566,0.471698,0.132075,0.056604,0.034595,55.510881,0.879062,54.844404
2025-05-22,,0,0,50,2.542447,0.247996,1.264634,0.575113,0.033787,0.0,0.024853,0.366247,0.575113,0.006431,0.581544,-0.541326,-0.889023,-0.568682,-0.977884,2.243357,0.16,0.42,0.5,0.04,0.12,-0.018053,50.271564,0.863870,50.234596
2025-05-23,,0,0,52,2.367427,0.381953,0.907377,0.519335,0.047621,0.0,0.019267,0.413777,0.547682,0.047621,0.566956,-0.471714,-0.832012,-0.500061,-0.840011,2.322785,0.230769,0.557692,0.326923,0.076923,0.134615,0.111801,63.194113,0.874047,61.532272
2025-05-24,,0,0,23,3.142258,0.429005,1.588297,0.770964,0.0,0.048461,0.0,0.180575,0.819425,0.048461,0.819425,-0.770964,-1.0,-0.770964,-0.888324,2.299375,0.043478,0.173913,0.652174,0.043478,0.043478,0.134040,65.407249,0.698524,60.762328
2025-05-25,,0,0,19,2.345049,0.244605,1.847519,0.523681,0.061151,0.0,0.111013,0.304155,0.523681,0.061151,0.584832,-0.46253,-0.790876,-0.46253,-0.790876,2.312329,0.052632,0.210526,0.789474,0.052632,0.052632,-0.015044,50.571008,0.666771,50.380731
2025-05-26,,0,0,48,2.009499,0.25952,1.077177,0.400842,0.060973,0.0,0.024247,0.513938,0.400842,0.030891,0.431733,-0.339869,-0.735942,-0.36995,-0.856896,2.280511,0.125,0.479167,0.520833,0.104167,0.145833,0.007440,52.808525,0.853488,52.397042
2025-05-27,,0,0,32,2.871319,0.219279,1.490302,0.679747,0.025907,0.0,0.0,0.294346,0.679747,0.01503,0.694777,-0.65384,-0.926573,-0.664716,-0.956733,2.36698,0.1875,0.375,0.65625,0.0625,0.0625,-0.052842,46.809502,0.761096,47.571724
2025-05-28,,0,0,44,2.325071,0.295121,1.048816,0.568365,0.044219,0.0,0.024452,0.362964,0.568365,0.021667,0.590032,-0.524146,-0.85563,-0.546698,-0.926556,2.263625,0.272727,0.590909,0.272727,0.090909,0.090909,0.027217,54.776653,0.832053,53.974428
2025-05-29,,0,0,66,2.184319,0.376004,1.207575,0.467591,0.078375,0.0,0.0,0.454034,0.467591,0.022509,0.4901,-0.389216,-0.712894,-0.445081,-0.908144,2.30732,0.19697,0.5,0.484848,0.136364,0.136364,0.111926,63.206552,0.940392,62.419333
2025-05-30,,0,0,55,2.31147,0.341607,1.20516,0.484538,0.051544,0.0,0.045351,0.418567,0.484538,0.051544,0.536082,-0.432994,-0.807702,-0.432994,-0.807702,2.259191,0.236364,0.454545,0.363636,0.054545,0.109091,0.077452,59.775838,0.888952,58.690246
2025-05-31,,0,0,26,2.981235,0.368589,1.296223,0.682144,0.033943,0.0,0.0,0.283913,0.682144,0.033943,0.716087,-0.648201,-0.905199,-0.648201,-0.905199,2.175927,0.076923,0.461538,0.5,0.0,0.038462,0.086742,60.700342,0.720557,57.710206
2025-06-01,,0,0,12,2.160492,0.180993,1.644928,0.382986,0.0,0.0,0.0,0.617014,0.382986,0.0,0.382986,-0.382986,-1.0,-0.382986,-1.0,2.289233,0.0,0.5,0.833333,0.0,0.0,-0.068452,45.256058,0.601744,47.145362
2025-06-02,,0,0,46,2.206614,0.138034,1.310905,0.498204,0.0,0.0,0.029596,0.4722,0.498204,0.0,0.498204,-0.498204,-1.0,-0.498204,-1.0,2.320557,0.195652,0.5,0.5,0.0,0.108696,-0.116846,40.440081,0.842887,41.942069
2025-06-03,,0,0,30,1.93199,0.202034,1.310818,0.43034,0.0,0.0,0.0,0.56966,0.43034,0.0,0.43034,-0.43034,-1.0,-0.43034,-1.0,2.300256,0.266667,0.733333,0.5,0.033333,0.1,-0.052227,46.870705,0.748042,47.659156
2025-06-04,,0,0,73,1.996156,0.315636,0.988459,0.428306,0.067362,0.0,0.0,0.504332,0.428306,0.035402,0.463708,-0.360944,-0.728197,-0.392904,-0.847309,2.29946,0.232877,0.657534,0.369863,0.082192,0.054795,0.058149,57.854881,0.970912,57.626395
2025-06-05,,0,0,83,1.955457,0.271785,0.97099,0.37467,0.037833,0.0,0.012545,0.574953,0.37467,0.033701,0.408371,-0.336837,-0.816571,-0.340969,-0.834949,2.382944,0.192771,0.626506,0.39759,0.072289,0.120482,0.019462,54.004906,1.000000,54.004906
2025-06-06,,0,0,54,2.438174,0.172251,0.872697,0.541506,0.0,0.0,0.044761,0.413733,0.600705,0.0,0.600705,-0.541506,-1.0,-0.600705,-1.0,2.2056,0.240741,0.555556,0.222222,0.148148,0.074074,-0.089023,43.208914,0.884029,43.996480
2025-06-07,,0,0,25,2.042406,0.368316,0.839456,0.442304,0.086411,0.0,0.0,0.471284,0.442304,0.043702,0.486006,-0.355893,-0.673127,-0.398602,-0.820159,2.47506,0.12,0.44,0.4,0.08,0.24,0.107414,62.757536,0.713361,59.100729
2025-06-08,,0,0,17,1.790822,0.203764,1.783271,0.398486,0.0,0.0,0.0,0.601514,0.398486,0.0,0.398486,-0.398486,-1.0,-0.398486,-1.0,2.461348,0.058824,0.529412,0.764706,0.0,0.0,-0.048259,47.265584,0.649635,48.223627
2025-06-09,,0,0,75,1.865387,0.267654,0.899852,0.412287,0.066003,0.0,0.0,0.52171,0.433272,0.015632,0.448904,-0.346284,-0.724004,-0.417641,-0.930357,2.347545,0.28,0.68,0.36,0.066667,0.12,0.014016,53.462942,0.979360,53.391466
2025-06-10,,0,0,82,1.755315,0.234576,1.027389,0.350812,0.04089,0.012526,0.012542,0.58323,0.363338,0.032892,0.383704,-0.309922,-0.791219,-0.330446,-0.833977,2.328827,0.329268,0.756098,0.378049,0.04878,0.04878,-0.013404,50.734214,1.000000,50.734214
2025-06-11,,0,0,95,1.91009,0.197116,1.085336,0.391003,0.022884,0.011572,0.023474,0.551067,0.402575,0.020379,0.411382,-0.368119,-0.889419,-0.382196,-0.903634,2.26687,0.221053,0.526316,0.357895,0.084211,0.052632,-0.052477,46.845826,1.000000,46.845826
2025-06-12,,0,0,63,1.607602,0.508222,1.134572,0.28998,0.111863,0.032481,0.0,0.565675,0.322461,0.128207,0.418187,-0.178117,-0.443249,-0.194255,-0.431037,2.317505,0.111111,0.571429,0.539683,0.047619,0.111111,0.251131,77.059675,0.926818,75.079388
2025-06-13,,0,0,103,2.039856,0.288039,1.167107,0.44856,0.029047,0.0,0.0,0.522393,0.44856,0.026225,0.474785,-0.419512,-0.878362,-0.422334,-0.889528,2.244742,0.203883,0.592233,0.466019,0.038835,0.087379,0.028586,54.912890,1.000000,54.912890
2025-06-14,,0,0,26,2.842305,0.33361,1.418951,0.612197,0.0,0.042195,0.0,0.345608,0.654392,0.042195,0.654392,-0.612197,-1.0,-0.612197,-0.878853,2.395827,0.115385,0.423077,0.384615,0.038462,0.038462,0.056823,57.722923,0.720557,55.564806
2025-06-15,,0,0,14,2.123728,0.473073,1.333461,0.363429,0.076522,0.0,0.072245,0.487804,0.363429,0.0,0.363429,-0.286907,-0.652133,-0.363429,-1.0,2.46431,0.142857,0.642857,0.428571,0.0,0.142857,0.209491,72.915829,0.621915,64.251687
2025-06-16,,0,0,63,2.094991,0.305267,1.022465,0.391677,0.046092,0.01778,0.023225,0.521225,0.409458,0.04548,0.437157,-0.345586,-0.789424,-0.363978,-0.800062,2.365697,0.333333,0.666667,0.365079,0.079365,0.047619,0.049768,57.020838,0.926818,56.507037
2025-06-17,,0,0,92,1.992279,0.21706,1.114074,0.377829,0.015345,0.0,0.014255,0.592571,0.391334,0.0,0.391334,-0.362484,-0.921942,-0.391334,-1.0,2.370769,0.293478,0.684783,0.423913,0.065217,0.032609,-0.033724,48.712049,1.000000,48.712049
2025-06-18,,0,0,61,2.17185,0.14168,1.131413,0.509864,0.0,0.0,0.0,0.490136,0.509864,0.0,0.509864,-0.509864,-1.0,-0.509864,-1.0,2.424293,0.229508,0.655738,0.442623,0.04918,0.114754,-0.114287,40.694743,0.917588,41.461607
2025-06-19,,0,0,89,2.049302,0.346821,1.259694,0.46085,0.023772,0.0,0.03895,0.476428,0.487587,0.023772,0.499038,-0.437078,-0.901895,-0.463815,-0.907025,2.356734,0.134831,0.550562,0.52809,0.044944,0.033708,0.081717,60.200274,1.000000,60.200274
2025-06-20,,0,0,113,1.907197,0.322006,1.084784,0.441026,0.045505,0.0,0.011489,0.50198,0.441026,0.015602,0.456629,-0.395522,-0.812942,-0.425424,-0.931663,2.389769,0.300885,0.637168,0.327434,0.088496,0.106195,0.061625,58.200799,1.000000,58.200799
2025-06-21,,0,0,22,2.374374,0.297764,1.213204,0.575403,0.0,0.0,0.0,0.424597,0.575403,0.0,0.575403,-0.575403,-1.0,-0.575403,-1.0,2.420517,0.181818,0.590909,0.590909,0.090909,0.045455,0.026254,54.680819,0.690863,53.233804
2025-06-22,,0,0,36,2.584744,0.0958,1.194688,0.608499,0.0,0.0,0.0,0.391501,0.608499,0.0,0.608499,-0.608499,-1.0,-0.608499,-1.0,2.325082,0.111111,0.388889,0.583333,0.027778,0.138889,-0.164308,35.716854,0.786033,38.772972
2025-06-23,,0,0,96,1.735275,0.215281,1.071486,0.341056,0.033158,0.0,0.0,0.625785,0.341056,0.005775,0.346832,-0.307898,-0.822784,-0.335281,-0.966697,2.296065,0.25,0.65625,0.416667,0.083333,0.052083,-0.031317,48.951584,1.000000,48.951584
2025-06-24,,0,0,134,1.591042,0.418714,1.108034,0.262204,0.051457,0.009306,0.01007,0.666963,0.281899,0.047981,0.320574,-0.210747,-0.671893,-0.233918,-0.709101,2.267978,0.238806,0.634328,0.447761,0.074627,0.104478,0.165306,68.518715,1.000000,68.518715
2025-06-25,,0,0,101,1.7025,0.344555,0.993436,0.314045,0.053222,0.0,0.0,0.632733,0.314045,0.00955,0.323595,-0.260823,-0.710173,-0.304495,-0.940976,2.375284,0.19802,0.584158,0.405941,0.069307,0.049505,0.092282,61.251660,1.000000,61.251660
2025-06-26,,0,0,104,2.142932,0.560947,1.179407,0.470323,0.076818,0.025089,0.033532,0.394238,0.495412,0.085953,0.556276,-0.393505,-0.719202,-0.409459,-0.704306,2.356674,0.240385,0.625,0.375,0.057692,0.076923,0.284426,80.373059,1.000000,80.373059
2025-06-27,,0,0,70,2.259684,0.537498,1.106045,0.482146,0.085014,0.01486,0.015297,0.402683,0.514017,0.031245,0.530403,-0.397132,-0.700212,-0.482772,-0.885394,2.418202,0.185714,0.528571,0.385714,0.028571,0.071429,0.261314,78.073046,0.958019,76.894521
2025-06-28,,0,0,19,2.680629,0.572784,1.552507,0.607764,0.060523,0.0,0.062302,0.269412,0.607764,0.060523,0.668286,-0.547241,-0.818872,-0.547241,-0.818872,2.437588,0.052632,0.263158,0.578947,0.052632,0.0,0.284340,80.364501,0.666771,70.246163
2025-06-29,,0,0,14,2.411056,0.21582,1.838993,0.635933,0.0,0.0,0.0,0.364067,0.635933,0.0,0.635933,-0.635933,-1.0,-0.635933,-1.0,2.38082,0.071429,0.428571,0.714286,0.0,0.0,-0.054471,46.647391,0.621915,47.914964
2025-06-30,,0,0,52,2.081941,0.236074,1.084381,0.484416,0.032419,0.0,0.021694,0.461471,0.484416,0.0,0.484416,-0.451997,-0.874548,-0.484416,-1.0,2.401249,0.153846,0.442308,0.423077,0.076923,0.057692,-0.022597,49.819363,0.874047,49.842115
2025-07-01,,0,0,70,2.092346,0.172711,1.194552,0.492492,0.011788,0.0,0.018216,0.477504,0.492492,0.0,0.492492,-0.480704,-0.953247,-0.492492,-1.0,2.433037,0.257143,0.542857,0.328571,0.028571,0.1,-0.083409,43.767597,0.958019,44.029237
2025-07-02,,0,0,79,2.019696,0.438963,1.063949,0.400146,0.062528,0.0,0.014042,0.523283,0.400146,0.037995,0.438141,-0.337618,-0.729709,-0.362151,-0.826562,2.321312,0.164557,0.594937,0.392405,0.037975,0.101266,0.174798,69.463321,0.995925,69.384003
2025-07-03,,0,0,77,2.130879,0.21326,0.996648,0.457471,0.01906,0.0,0.014753,0.508715,0.457471,0.01906,0.476532,-0.438411,-0.920003,-0.438411,-0.920003,2.353036,0.181818,0.519481,0.506494,0.051948,0.090909,-0.042419,47.846757,0.987696,47.873250
2025-07-04,,0,0,85,2.021204,0.206194,1.245624,0.44194,0.0,0.0,0.04486,0.5132,0.44194,0.0,0.44194,-0.44194,-1.0,-0.44194,-1.0,2.33993,0.235294,0.6,0.388235,0.035294,0.141176,-0.049223,47.169651,1.000000,47.169651
2025-07-05,,0,0,6,2.1748,0.0,1.272213,0.557182,0.0,0.0,0.141344,0.301475,0.557182,0.0,0.557182,-0.557182,-1.0,-0.557182,-1.0,2.521076,0.0,0.666667,0.833333,0.0,0.0,-0.249676,27.221373,0.528010,37.972661
2025-07-06,,0,0,19,1.634983,0.311287,0.791422,0.227998,0.0,0.0,0.0,0.772002,0.227998,0.0,0.227998,-0.227998,-1.0,-0.227998,-1.0,2.203036,0.105263,0.473684,0.578947,0.0,0.052632,0.064314,58.468397,0.666771,55.646480
2025-07-07,,0,0,59,1.942858,0.20968,1.150558,0.347055,0.006357,0.0,0.037317,0.609271,0.347055,0.0,0.347055,-0.340698,-0.964023,-0.347055,-1.0,2.271776,0.271186,0.711864,0.389831,0.084746,0.067797,-0.038685,48.218350,0.908206,48.381895
2025-07-08,,0,0,81,2.18499,0.280376,1.236672,0.442083,0.017334,0.014923,0.0,0.525661,0.475237,0.027037,0.487351,-0.424749,-0.924541,-0.4482,-0.892342,2.294151,0.222222,0.617284,0.419753,0.074074,0.135802,0.020736,54.131689,1.000000,54.131689
2025-07-09,,0,0,53,1.752309,0.377978,1.004173,0.344807,0.065774,0.0,0.0,0.589419,0.370981,0.040316,0.411297,-0.279032,-0.679603,-0.330665,-0.803956,2.362397,0.226415,0.698113,0.358491,0.075472,0.056604,0.121960,64.205095,0.879062,62.487155
2025-07-10,,0,0,68,2.166323,0.335268,1.030024,0.456892,0.044579,0.0,0.0,0.498529,0.456892,0.017581,0.474472,-0.412312,-0.822206,-0.439311,-0.925893,2.362606,0.220588,0.558824,0.382353,0.102941,0.088235,0.072718,59.304729,0.949270,58.832704
2025-07-11,,0,0,79,1.607777,0.252985,1.077425,0.302746,0.004383,0.017779,0.052348,0.622744,0.320525,0.017779,0.320525,-0.298363,-0.971461,-0.302746,-0.894893,2.315547,0.303797,0.632911,0.405063,0.088608,0.050633,0.004851,52.550878,0.995925,52.540482
2025-07-12,,0,0,15,1.766826,0.136373,0.848858,0.288184,0.0,0.0,0.0,0.711816,0.288184,0.0,0.288184,-0.288184,-1.0,-0.288184,-1.0,2.264219,0.066667,0.533333,0.466667,0.0,0.066667,-0.103000,41.817980,0.631458,44.833396
2025-07-13,,0,0,9,2.032402,0.0,1.251353,0.341124,0.0,0.0,0.0,0.658876,0.341124,0.0,0.341124,-0.341124,-1.0,-0.341124,-1.0,2.339366,0.0,0.555556,0.666667,0.0,0.0,-0.233934,28.787954,0.568017,37.951205
2025-07-14,,0,0,40,1.926142,0.365095,1.207771,0.440479,0.042807,0.0,0.0,0.516714,0.440479,0.042807,0.483286,-0.397672,-0.822852,-0.397672,-0.822852,2.452658,0.35,0.625,0.425,0.1,0.075,0.102011,62.219851,0.809619,59.893429
2025-07-15,,0,0,57,1.90527,0.25327,0.827793,0.387602,0.00895,0.0,0.0,0.603448,0.387602,0.00895,0.396552,-0.378652,-0.954861,-0.378652,-0.954861,2.320922,0.263158,0.614035,0.280702,0.035088,0.122807,-0.000746,51.993887,0.898663,51.791833
2025-07-16,,0,0,55,2.149798,0.190765,1.176173,0.459572,0.0,0.0,0.0,0.540428,0.459572,0.0,0.459572,-0.459572,-1.0,-0.459572,-1.0,2.310712,0.236364,0.581818,0.4,0.109091,0.109091,-0.064912,45.608344,0.888952,46.096031
2025-07-17,,0,0,73,2.116991,0.360678,1.066516,0.368901,0.029751,0.018832,0.018026,0.56449,0.405738,0.044539,0.431444,-0.339151,-0.850743,-0.361199,-0.802172,2.304226,0.178082,0.643836,0.452055,0.123288,0.027397,0.101783,62.197161,0.970912,61.842365
2025-07-18,,0,0,53,2.050668,0.320523,1.141393,0.433004,0.029295,0.0,0.0,0.537702,0.433004,0.029295,0.462298,-0.403709,-0.873265,-0.403709,-0.873265,2.383237,0.245283,0.603774,0.339623,0.09434,0.09434,0.060023,58.041374,0.879062,57.068864
2025-07-19,,0,0,16,2.365224,0.375414,1.202226,0.381939,0.0,0.0,0.0,0.618061,0.381939,0.0,0.381939,-0.381939,-1.0,-0.381939,-1.0,2.377908,0.1875,0.3125,0.375,0.125,0.0,0.112631,63.276711,0.640689,58.506241
2025-07-20,,0,0,10,2.197227,0.425869,1.377452,0.517873,0.0,0.0,0.0,0.482127,0.623092,0.0,0.623092,-0.517873,-1.0,-0.623092,-1.0,2.234259,0.1,0.2,0.6,0.0,0.1,0.148324,66.828735,0.579810,59.757464
2025-07-21,,0,0,37,2.010954,0.273355,1.251127,0.461202,0.0,0.0,0.0,0.538798,0.461202,0.0,0.461202,-0.461202,-1.0,-0.461202,-1.0,2.311068,0.243243,0.513514,0.432432,0.054054,0.108108,0.011929,53.255252,0.792048,52.578315
2025-07-22,,0,0,42,1.951217,0.627772,1.134154,0.394822,0.103752,0.0,0.029153,0.472272,0.394822,0.103752,0.498575,-0.29107,-0.583805,-0.29107,-0.583805,2.365766,0.190476,0.595238,0.380952,0.047619,0.166667,0.354385,87.335098,0.820970,80.650986
2025-07-23,,0,0,44,2.089237,0.306757,1.065482,0.442773,0.050902,0.0,0.0,0.506325,0.442773,0.027029,0.469802,-0.391871,-0.793783,-0.415743,-0.884934,2.424394,0.136364,0.590909,0.477273,0.022727,0.204545,0.047717,56.816730,0.832053,55.671880
2025-07-24,,0,0,44,1.935461,0.18495,1.073164,0.437398,0.023785,0.0,0.0,0.538816,0.437398,0.0,0.437398,-0.413613,-0.89685,-0.437398,-1.0,2.333105,0.204545,0.704545,0.5,0.045455,0.136364,-0.067256,45.375079,0.832053,46.151821
2025-07-25,,0,0,49,1.986899,0.252867,1.097028,0.405171,0.050935,0.0,0.0,0.543894,0.423903,0.028575,0.452478,-0.354236,-0.776653,-0.395329,-0.873697,2.333736,0.163265,0.653061,0.469388,0.040816,0.122449,0.000053,52.073400,0.858705,51.780440
2025-07-26,,0,0,12,2.363151,0.090423,1.199276,0.528672,0.0,0.0,0.0,0.471328,0.528672,0.0,0.528672,-0.528672,-1.0,-0.528672,-1.0,2.437309,0.083333,0.333333,0.416667,0.0,0.083333,-0.163448,35.802437,0.601744,41.456703
2025-07-27,,0,0,12,2.301984,0.202542,0.476538,0.527446,0.0,0.0,0.0,0.472554,0.527446,0.0,0.527446,-0.527446,-1.0,-0.527446,-1.0,2.313983,0.25,0.583333,0.25,0.0,0.083333,-0.058922,46.204445,0.601744,47.716048
2025-07-28,,0,0,75,1.636139,0.197056,0.928027,0.268822,0.030848,0.0,0.0,0.700329,0.268822,0.021739,0.290561,-0.237974,-0.794119,-0.247084,-0.850368,2.299438,0.346667,0.68,0.333333,0.08,0.093333,-0.042924,47.796502,0.979360,47.841983
2025-07-29,,0,0,64,1.876467,0.230506,1.096646,0.338015,0.019745,0.0,0.0,0.64224,0.353774,0.0,0.353774,-0.318271,-0.889621,-0.353774,-1.0,2.36849,0.234375,0.65625,0.40625,0.0625,0.09375,-0.018047,50.272161,0.931378,50.253485
2025-07-30,,0,0,64,2.027805,0.273939,1.116805,0.387499,0.033076,0.0,0.0,0.579425,0.387499,0.0,0.387499,-0.354423,-0.842711,-0.387499,-1.0,2.29723,0.234375,0.625,0.421875,0.0625,0.15625,0.019764,54.034960,0.931378,53.758072
2025-07-31,,0,0,93,2.240965,0.207665,1.199745,0.490844,0.015202,0.0,0.014678,0.479277,0.490844,0.015202,0.506046,-0.475642,-0.939919,-0.475642,-0.939919,2.287848,0.16129,0.612903,0.494624,0.010753,0.053763,-0.050368,47.055705,1.000000,47.055705
2025-08-01,,0,0,151,1.967918,0.171843,1.250014,0.432924,0.018892,0.0,0.033087,0.515098,0.432924,0.011537,0.44446,-0.414032,-0.916375,-0.421387,-0.948087,2.26456,0.251656,0.701987,0.496689,0.066225,0.059603,-0.079273,44.179195,1.000000,44.179195
2025-08-02,,0,0,18,2.580545,0.164436,1.656888,0.546727,0.0,0.0,0.0,0.453273,0.546727,0.0,0.546727,-0.546727,-1.0,-0.546727,-1.0,2.37417,0.055556,0.611111,0.611111,0.0,0.111111,-0.095896,42.524941,0.658322,45.079004
2025-08-03,,0,0,15,2.56851,0.383632,1.380287,0.534494,0.0,0.0,0.0,0.465506,0.534494,0.0,0.534494,-0.534494,-1.0,-0.534494,-1.0,2.354034,0.133333,0.4,0.6,0.133333,0.0,0.109139,62.929201,0.631458,58.164251
2025-08-04,,0,0,66,1.961296,0.299408,1.061746,0.426059,0.004725,0.0,0.017818,0.551398,0.426059,0.0,0.426059,-0.421333,-0.978062,-0.426059,-1.0,2.417861,0.19697,0.621212,0.393939,0.060606,0.121212,0.039039,55.953131,0.940392,55.598276
2025-08-05,,0,0,89,1.7917,0.244028,0.96015,0.408755,0.016749,0.0,0.0,0.574497,0.408755,0.0,0.408755,-0.392006,-0.921276,-0.408755,-1.0,2.449595,0.280899,0.719101,0.382022,0.05618,0.123596,-0.010523,51.020919,1.000000,51.020919
2025-08-06,,0,0,68,1.954778,0.256868,1.226781,0.389256,0.023779,0.0,0.0,0.586965,0.389256,0.0,0.389256,-0.365477,-0.884857,-0.389256,-1.0,2.336879,0.161765,0.632353,0.5,0.029412,0.058824,0.003215,52.388070,0.949270,52.266924
2025-08-07,,0,0,87,2.006283,0.332027,0.996955,0.418263,0.043152,0.0,0.028973,0.509612,0.418263,0.032773,0.451036,-0.37511,-0.812958,-0.385489,-0.854676,2.343876,0.172414,0.632184,0.413793,0.022989,0.16092,0.072684,59.301346,1.000000,59.301346
2025-08-08,,0,0,79,2.043381,0.225363,1.11495,0.446833,0.027898,0.016585,0.028612,0.480071,0.463418,0.030327,0.47716,-0.418935,-0.882468,-0.433091,-0.877155,2.386848,0.227848,0.594937,0.468354,0.050633,0.063291,-0.029903,49.092300,0.995925,49.095999
2025-08-09,,0,0,22,2.40814,0.311509,1.10617,0.517023,0.0,0.0,0.0,0.482977,0.517023,0.0,0.517023,-0.517023,-1.0,-0.517023,-1.0,2.46149,0.0,0.5,0.5,0.090909,0.090909,0.043287,56.375874,0.690863,54.404855
2025-08-10,,0,0,14,2.722455,0.0,1.249516,0.683101,0.0,0.0,0.0,0.316899,0.683101,0.0,0.683101,-0.683101,-1.0,-0.683101,-1.0,2.401149,0.214286,0.5,0.428571,0.0,0.142857,-0.258991,26.294382,0.621915,35.257132
2025-08-11,,0,0,54,2.192282,0.180087,1.016271,0.418856,0.023245,0.0,0.023156,0.534743,0.418856,0.0,0.418856,-0.395611,-0.894843,-0.418856,-1.0,2.354737,0.240741,0.574074,0.388889,0.092593,0.074074,-0.070547,45.047572,0.884029,45.621908
2025-08-12,,0,0,58,2.356916,0.113446,1.143593,0.488587,0.0,0.0,0.020686,0.490727,0.488587,0.0,0.488587,-0.488587,-1.0,-0.488587,-1.0,2.469594,0.189655,0.603448,0.413793,0.086207,0.068966,-0.139092,38.226249,0.903455,39.362945
2025-08-13,,0,0,57,1.76811,0.33185,1.01403,0.266803,0.031054,0.020492,0.056545,0.625106,0.287296,0.045167,0.31197,-0.235749,-0.791484,-0.242129,-0.728289,2.4732,0.175439,0.649123,0.491228,0.087719,0.052632,0.082772,60.305263,0.898663,59.260960
2025-08-14,,0,0,50,1.751881,0.255872,1.279559,0.367001,0.042405,0.0,0.020321,0.570273,0.367001,0.021844,0.388845,-0.324596,-0.792845,-0.345158,-0.887649,2.466166,0.18,0.66,0.56,0.04,0.08,0.005364,52.601930,0.863870,52.247730
2025-08-15,,0,0,35,2.062468,0.561214,1.0342,0.411452,0.069922,0.0,0.0,0.518626,0.411452,0.036835,0.448287,-0.34153,-0.70949,-0.374617,-0.835663,2.346419,0.257143,0.542857,0.314286,0.028571,0.057143,0.288236,80.752215,0.779935,73.984716
2025-08-16,,0,0,19,2.925335,0.234506,1.661011,0.72517,0.0,0.0,0.0,0.27483,0.72517,0.0,0.72517,-0.72517,-1.0,-0.72517,-1.0,2.414582,0.105263,0.368421,0.368421,0.052632,0.052632,-0.043708,47.718481,0.666771,48.478750
2025-08-17,,0,0,21,2.436902,0.084231,1.444912,0.531295,0.0,0.0,0.073918,0.394787,0.531295,0.0,0.531295,-0.531295,-1.0,-0.531295,-1.0,2.427476,0.380952,0.47619,0.333333,0.047619,0.095238,-0.169428,35.207332,0.683026,39.896225
2025-08-18,,0,0,37,2.201172,0.15382,0.949901,0.434532,0.026246,0.0,0.0,0.539222,0.434532,0.0,0.434532,-0.408285,-0.886078,-0.434532,-1.0,2.439512,0.135135,0.594595,0.432432,0.0,0.081081,-0.095976,42.516980,0.792048,44.073091
2025-08-19,,0,0,65,1.961067,0.137045,1.276831,0.425116,0.0,0.0,0.054484,0.5204,0.425116,0.0,0.425116,-0.425116,-1.0,-0.425116,-1.0,2.374617,0.215385,0.569231,0.507692,0.030769,0.046154,-0.112382,40.884321,0.935902,41.468617
2025-08-20,,0,0,99,1.846785,0.127951,1.163847,0.418244,0.010877,0.0,0.057379,0.5135,0.418244,0.0,0.418244,-0.407367,-0.949305,-0.418244,-1.0,2.370582,0.212121,0.737374,0.484848,0.070707,0.050505,-0.119679,40.158152,1.000000,40.158152
2025-08-21,,0,0,67,2.307753,0.216046,1.150268,0.537268,0.0,0.0,0.018993,0.443739,0.537268,0.0,0.537268,-0.537268,-1.0,-0.537268,-1.0,2.327276,0.179104,0.61194,0.447761,0.029851,0.059701,-0.047060,47.384904,0.944848,47.529133
2025-08-22,,0,0,59,1.899291,0.193027,0.97288,0.341614,0.010401,0.0,0.0,0.647986,0.341614,0.010401,0.352014,-0.331213,-0.940907,-0.331213,-0.940907,2.319201,0.338983,0.661017,0.288136,0.101695,0.067797,-0.053403,46.753674,0.908206,47.051668
2025-08-23,,0,0,36,2.290793,0.315822,1.020203,0.446713,0.027025,0.0,0.0,0.526262,0.480949,0.0,0.480949,-0.419688,-0.885908,-0.480949,-1.0,2.27953,0.194444,0.527778,0.388889,0.055556,0.083333,0.053555,57.397705,0.786033,55.814842
2025-08-24,,0,0,13,1.766817,0.649061,0.863024,0.196631,0.091266,0.0,0.0,0.712103,0.287897,0.091266,0.287897,-0.105365,-0.365983,-0.196631,-0.518593,2.238306,0.076923,0.538462,0.538462,0.153846,0.0,0.386485,90.529561,0.612023,74.805039
2025-08-25,,0,0,63,1.772066,0.336232,1.0927,0.305686,0.08555,0.0,0.023012,0.585752,0.324925,0.018544,0.343469,-0.220137,-0.56267,-0.306381,-0.892019,2.25156,0.206349,0.555556,0.380952,0.063492,0.111111,0.086870,60.713080,0.926818,59.929073
2025-08-26,,0,0,59,1.745959,0.385739,1.235932,0.350889,0.047172,0.0,0.039835,0.562104,0.357738,0.047172,0.40491,-0.303716,-0.762991,-0.310565,-0.767,2.322738,0.20339,0.644068,0.474576,0.084746,0.135593,0.128022,64.808361,0.908206,63.449040
2025-08-27,,0,0,58,1.456231,0.087139,1.207632,0.284628,0.007319,0.0,0.027596,0.680456,0.284628,0.007319,0.291947,-0.277309,-0.949858,-0.277309,-0.949858,2.242564,0.362069,0.741379,0.482759,0.12069,0.051724,-0.147968,37.342945,0.903455,38.564920
2025-08-28,,0,0,79,1.660982,0.225098,1.022313,0.332679,0.012143,0.0,0.0,0.655178,0.337977,0.007238,0.345215,-0.320536,-0.92957,-0.330739,-0.958066,2.250239,0.291139,0.746835,0.468354,0.101266,0.050633,-0.022829,49.796276,0.995925,49.797106
2025-08-29,,0,0,82,1.875373,0.346873,1.274905,0.393044,0.068416,0.0,0.030097,0.508443,0.393044,0.035195,0.428238,-0.324628,-0.70348,-0.357849,-0.83563,2.258738,0.256098,0.621951,0.463415,0.073171,0.036585,0.089898,61.014414,1.000000,61.014414
2025-08-30,,0,0,27,2.590741,0.081178,1.284077,0.554753,0.0,0.0,0.08058,0.364667,0.554753,0.0,0.554753,-0.554753,-1.0,-0.554753,-1.0,2.431641,0.074074,0.37037,0.37037,0.074074,0.074074,-0.174022,34.750155,0.727616,38.903971
2025-08-31,,0,0,12,1.654895,0.374423,1.469334,0.392258,0.0,0.0,0.0,0.607742,0.392258,0.0,0.392258,-0.392258,-1.0,-0.392258,-1.0,2.427662,0.083333,0.5,0.5,0.0,0.083333,0.111174,63.131716,0.601744,57.901930
2025-09-01,,0,0,64,1.934084,0.277231,1.128703,0.365861,0.038382,0.0,0.0,0.595756,0.365861,0.020747,0.386608,-0.327479,-0.810103,-0.345115,-0.892674,2.35865,0.234375,0.625,0.4375,0.078125,0.078125,0.025032,54.559210,0.931378,54.246346
2025-09-02,,0,0,56,1.983079,0.16474,1.225818,0.461906,0.02224,0.0,0.023344,0.49251,0.461906,0.0,0.461906,-0.439667,-0.908128,-0.461906,-1.0,2.374004,0.285714,0.607143,0.464286,0.142857,0.053571,-0.087964,43.314302,0.893829,44.024129
2025-09-03,,0,0,69,1.591551,0.327467,1.235517,0.308126,0.036141,0.0,0.012109,0.643624,0.313176,0.036141,0.349317,-0.271985,-0.790039,-0.277035,-0.793075,2.326071,0.15942,0.637681,0.507246,0.057971,0.072464,0.076130,59.644278,0.953661,59.197369
2025-09-04,,0,0,51,1.586913,0.266527,1.216936,0.314361,0.059913,0.0,0.025295,0.600431,0.314361,0.031888,0.346249,-0.254448,-0.679844,-0.282473,-0.815807,2.328302,0.27451,0.764706,0.392157,0.156863,0.098039,0.020329,54.091186,0.868983,53.555173
2025-09-05,,0,0,75,1.68673,0.503334,1.168831,0.323863,0.104304,0.0,0.0,0.571833,0.323863,0.03702,0.360883,-0.219559,-0.512787,-0.286843,-0.794835,2.336859,0.226667,0.706667,0.466667,0.093333,0.106667,0.242829,76.233493,0.979360,75.692028
2025-09-06,,0,0,22,2.354083,0.107351,0.897449,0.605269,0.0,0.0,0.0,0.394731,0.605269,0.0,0.605269,-0.605269,-1.0,-0.605269,-1.0,2.444247,0.181818,0.636364,0.318182,0.090909,0.045455,-0.153245,36.817799,0.690863,40.892907
2025-09-07,,0,0,14,1.760952,0.086705,1.298619,0.46242,0.0,0.0,0.0,0.53758,0.46242,0.0,0.46242,-0.46242,-1.0,-0.46242,-1.0,2.468771,0.285714,0.571429,0.5,0.0,0.142857,-0.161914,35.955095,0.621915,41.265270
2025-09-08,,0,0,49,1.654989,0.385556,0.953828,0.347797,0.063773,0.024594,0.0,0.563836,0.372391,0.055873,0.40367,-0.284024,-0.690097,-0.316518,-0.739073,2.402196,0.244898,0.612245,0.367347,0.102041,0.122449,0.128952,64.900911,0.858705,62.795494
2025-09-09,,0,0,87,1.353368,0.403272,1.262951,0.258351,0.038428,0.0,0.048521,0.654699,0.258351,0.033552,0.291903,-0.219923,-0.741031,-0.2248,-0.770117,2.30061,0.206897,0.689655,0.574713,0.103448,0.034483,0.150586,67.053840,1.000000,67.053840
2025-09-10,,0,0,141,1.402166,0.357964,1.278907,0.244378,0.07263,0.0,0.049112,0.63388,0.244378,0.032794,0.277172,-0.171748,-0.541779,-0.211584,-0.763367,2.25861,0.269504,0.751773,0.524823,0.085106,0.06383,0.111387,63.152913,1.000000,63.152913
2025-09-11,,0,0,102,1.502982,0.272267,1.098967,0.3308,0.031342,0.0,0.022494,0.615364,0.3308,0.009173,0.339973,-0.299458,-0.826906,-0.321627,-0.946037,2.267952,0.22549,0.696078,0.441176,0.058824,0.04902,0.022512,54.308430,1.000000,54.308430
2025-09-12,,0,0,99,1.680837,0.360394,1.204285,0.353736,0.017834,0.012991,0.03949,0.575949,0.366727,0.026258,0.379994,-0.335903,-0.904009,-0.340469,-0.866366,2.253522,0.272727,0.59596,0.434343,0.090909,0.030303,0.102131,62.231793,1.000000,62.231793
2025-09-13,,0,0,24,2.104357,0.701245,1.580681,0.403564,0.04715,0.046444,0.0,0.502842,0.450008,0.080317,0.483881,-0.356414,-0.790775,-0.369691,-0.697103,2.350814,0.125,0.458333,0.625,0.041667,0.083333,0.417833,93.649188,0.706020,80.817185
2025-09-14,,0,0,17,1.800414,0.0,0.797824,0.41325,0.0,0.0,0.0,0.58675,0.41325,0.0,0.41325,-0.41325,-1.0,-0.41325,-1.0,2.283204,0.235294,0.588235,0.470588,0.058824,0.058824,-0.239104,28.273456,0.649635,35.885672
2025-09-15,,0,0,88,1.705679,0.351195,1.009021,0.319005,0.049652,0.012626,0.0,0.618717,0.331631,0.044056,0.363061,-0.269353,-0.730633,-0.287575,-0.765465,2.265989,0.295455,0.659091,0.375,0.102273,0.068182,0.098201,61.840695,1.000000,61.840695
2025-09-16,,0,0,82,1.568657,0.46048,1.102714,0.261233,0.066539,0.029108,0.013607,0.629513,0.302853,0.06865,0.342395,-0.194694,-0.593993,-0.234203,-0.630419,2.374123,0.195122,0.670732,0.5,0.134146,0.02439,0.205149,72.483731,1.000000,72.483731
2025-09-17,,0,0,80,2.158828,0.266355,1.301968,0.435373,0.036894,0.0,0.032873,0.49486,0.435373,0.036894,0.472267,-0.398479,-0.843759,-0.398479,-0.843759,2.361748,0.2625,0.65,0.4375,0.0875,0.0375,0.009923,53.055623,1.000000,53.055623
2025-09-18,,0,0,114,1.977216,0.327634,1.121431,0.362569,0.048756,0.010172,0.010909,0.567593,0.390449,0.036195,0.398765,-0.313814,-0.762934,-0.354254,-0.830325,2.311985,0.219298,0.605263,0.421053,0.105263,0.052632,0.072634,59.296370,1.000000,59.296370
2025-09-19,,0,0,82,1.485721,0.30352,1.312813,0.29146,0.038283,0.0,0.02686,0.643397,0.304877,0.013589,0.318466,-0.253178,-0.767803,-0.291289,-0.914662,2.318045,0.207317,0.707317,0.536585,0.04878,0.04878,0.054764,57.518019,1.000000,57.518019
2025-09-20,,0,0,35,2.167744,0.455743,1.594879,0.444669,0.028166,0.037947,0.102347,0.386871,0.482616,0.037947,0.482616,-0.416503,-0.880863,-0.444669,-0.854207,2.349418,0.171429,0.428571,0.457143,0.085714,0.142857,0.184598,70.438578,0.779935,65.940754
2025-09-21,,0,0,11,1.90837,0.768866,1.137036,0.457141,0.108922,0.0,0.0,0.433937,0.457141,0.108922,0.566063,-0.34822,-0.615161,-0.34822,-0.615161,2.354212,0.0,0.363636,0.454545,0.0,0.181818,0.481650,100.000000,0.591026,79.551323
2025-09-22,,0,0,69,2.031021,0.209132,1.206288,0.447752,0.005287,0.0,0.01296,0.534001,0.469247,0.0,0.469247,-0.442465,-0.97666,-0.469247,-1.0,2.330729,0.26087,0.681159,0.536232,0.086957,0.043478,-0.046902,47.400627,0.953661,47.521080
2025-09-23,,0,0,81,1.786261,0.2959,1.268121,0.365362,0.028468,0.0,0.031555,0.574615,0.369535,0.017042,0.382404,-0.336894,-0.85543,-0.352493,-0.911832,2.353735,0.246914,0.641975,0.518519,0.098765,0.037037,0.041808,56.228690,1.000000,56.228690
2025-09-24,,0,0,111,1.866285,0.27135,1.230023,0.378446,0.020438,0.0,0.024056,0.577059,0.378446,0.010703,0.389149,-0.358008,-0.897522,-0.367743,-0.944993,2.32511,0.216216,0.693694,0.531532,0.072072,0.036036,0.017468,53.806471,1.000000,53.806471
2025-09-25,,0,0,120,1.749275,0.178809,1.303769,0.344294,0.003065,0.0,0.025665,0.626976,0.354385,0.0,0.354385,-0.341228,-0.982351,-0.354385,-1.0,2.308432,0.225,0.666667,0.533333,0.083333,0.041667,-0.067511,45.349702,1.000000,45.349702
2025-09-26,,0,0,117,2.067137,0.164697,1.262706,0.397382,0.009431,0.0,0.031709,0.561478,0.407746,0.009431,0.417177,-0.387951,-0.953633,-0.398314,-0.954785,2.344363,0.205128,0.683761,0.42735,0.025641,0.051282,-0.084106,43.698235,1.000000,43.698235
2025-09-27,,0,0,33,2.416975,0.348803,1.639803,0.469353,0.011571,0.0,0.0,0.519077,0.501353,0.011571,0.512924,-0.457782,-0.951881,-0.489783,-0.954883,2.350618,0.151515,0.484848,0.575758,0.030303,0.060606,0.081874,60.215898,0.767470,57.840396
2025-09-28,,0,0,18,2.344959,0.12092,1.013294,0.544218,0.0,0.0,0.064927,0.390855,0.544218,0.0,0.544218,-0.544218,-1.0,-0.544218,-1.0,2.43965,0.166667,0.555556,0.444444,0.055556,0.055556,-0.136170,38.517034,0.658322,42.440510
2025-09-29,,0,0,86,1.981994,0.414127,1.242688,0.404038,0.085956,0.014503,0.041275,0.454229,0.418541,0.071595,0.475633,-0.318082,-0.649156,-0.346945,-0.707856,2.461398,0.186047,0.593023,0.488372,0.104651,0.023256,0.153038,67.297853,1.000000,67.297853
2025-09-30,,0,0,90,1.689492,0.207191,1.132542,0.330922,0.0147,0.0,0.0,0.654377,0.347827,0.0,0.347827,-0.316222,-0.914935,-0.347827,-1.0,2.465014,0.277778,0.688889,0.411111,0.077778,0.044444,-0.039501,48.137145,1.000000,48.137145
2025-10-01,,0,0,122,2.050571,0.271799,1.224284,0.42786,0.007385,0.0,0.00951,0.555245,0.437004,0.003898,0.440903,-0.420475,-0.966066,-0.433106,-0.982317,2.432501,0.196721,0.622951,0.467213,0.090164,0.065574,0.013251,53.386812,1.000000,53.386812
2025-10-02,,0,0,167,1.464585,0.276696,1.181814,0.261673,0.03902,0.009261,0.022365,0.667681,0.279999,0.031247,0.29292,-0.222653,-0.740466,-0.248752,-0.799213,2.399697,0.305389,0.712575,0.407186,0.125749,0.041916,0.032174,55.269953,1.000000,55.269953
2025-10-03,,0,0,52,1.846776,0.274153,1.298154,0.370801,0.007292,0.0,0.0,0.621907,0.370801,0.0,0.370801,-0.363509,-0.961425,-0.370801,-1.0,2.435409,0.307692,0.673077,0.442308,0.134615,0.038462,0.019719,54.030482,0.874047,53.522830
2025-10-04,,0,0,38,2.27762,0.465363,1.538164,0.510606,0.04823,0.027483,0.029651,0.38403,0.538089,0.027483,0.538089,-0.462376,-0.827392,-0.510606,-0.902813,2.461687,0.105263,0.368421,0.605263,0.052632,0.0,0.189910,70.967207,0.797982,66.731445
2025-10-05,,0,0,19,1.465161,0.129642,1.321395,0.384752,0.064821,0.0,0.0,0.550427,0.384752,0.0,0.384752,-0.319931,-0.711632,-0.384752,-1.0,2.549841,0.368421,0.631579,0.526316,0.0,0.105263,-0.112390,40.883524,0.666771,43.921400
2025-10-06,,0,0,60,1.45103,0.279399,1.21091,0.26431,0.093465,0.0,0.0,0.642225,0.26431,0.03936,0.303669,-0.170844,-0.47752,-0.22495,-0.740773,2.394206,0.433333,0.75,0.35,0.2,0.033333,0.038069,55.856600,0.912917,55.346587
2025-10-07,,0,0,75,2.016729,0.330144,1.612381,0.444896,0.02953,0.0,0.017012,0.508562,0.444896,0.017602,0.462498,-0.415366,-0.875512,-0.427295,-0.923885,2.312123,0.28,0.546667,0.48,0.12,0.026667,0.067980,58.833223,0.979360,58.650903
2025-10-08,,0,0,61,1.861467,0.258361,1.221382,0.36061,0.035258,0.0,0.033693,0.570439,0.37849,0.0,0.37849,-0.325352,-0.821869,-0.37849,-1.0,2.323743,0.229508,0.639344,0.459016,0.065574,0.081967,0.007138,52.778471,0.917588,52.549492
2025-10-09,,0,0,70,1.589605,0.382832,1.133755,0.308459,0.014011,0.021083,0.016952,0.639495,0.347576,0.028608,0.355102,-0.294448,-0.913103,-0.318967,-0.847902,2.388802,0.314286,0.7,0.385714,0.171429,0.057143,0.125789,64.586142,0.958019,63.973806
2025-10-10,,0,0,145,1.565948,0.1932,1.230059,0.318921,0.011623,0.0,0.025965,0.643492,0.318921,0.0,0.318921,-0.307298,-0.929676,-0.318921,-1.0,2.370345,0.241379,0.675862,0.448276,0.075862,0.041379,-0.051566,46.936485,1.000000,46.936485
2025-10-11,,0,0,109,2.041933,0.239443,1.174632,0.473659,0.026106,0.0,0.023799,0.476436,0.483692,0.026106,0.509797,-0.447554,-0.895529,-0.457586,-0.897584,2.437874,0.238532,0.651376,0.458716,0.082569,0.055046,-0.018812,50.196031,1.000000,50.196031
2025-10-12,,0,0,29,1.821013,0.248281,1.274617,0.404308,0.0,0.0,0.03537,0.560322,0.440548,0.0,0.440548,-0.404308,-1.0,-0.440548,-1.0,2.4144,0.068966,0.689655,0.655172,0.034483,0.0,-0.007738,51.298071,0.741352,50.962327
2025-10-13,,0,0,115,1.824321,0.269159,1.121322,0.263325,0.046476,0.0,0.020666,0.669533,0.27361,0.040318,0.313927,-0.21685,-0.699964,-0.233292,-0.743141,2.377504,0.226087,0.73913,0.426087,0.095652,0.017391,0.025602,54.615934,1.000000,54.615934
2025-10-14,,0,0,135,1.901228,0.359396,1.246647,0.357613,0.069007,0.019176,0.047779,0.506425,0.376789,0.044233,0.401846,-0.288605,-0.676493,-0.332556,-0.789878,2.360918,0.251852,0.644444,0.459259,0.066667,0.103704,0.104021,62.419878,1.000000,62.419878
2025-10-15,,0,0,136,1.928091,0.211466,1.305864,0.391244,0.018969,0.0,0.05038,0.539408,0.391244,0.012387,0.403631,-0.372275,-0.907517,-0.378857,-0.938622,2.45907,0.242647,0.580882,0.463235,0.095588,0.080882,-0.039315,48.155655,1.000000,48.155655
2025-10-16,,0,0,161,1.682342,0.323499,1.175882,0.315316,0.04234,0.002998,0.032322,0.607025,0.325701,0.023553,0.346256,-0.272976,-0.763237,-0.302148,-0.865124,2.430064,0.204969,0.652174,0.521739,0.093168,0.074534,0.071998,59.233078,1.000000,59.233078
2025-10-17,,0,0,189,1.747053,0.142759,1.246123,0.326966,0.009891,0.0,0.013666,0.649478,0.333391,0.001829,0.33522,-0.317074,-0.941273,-0.331562,-0.989085,2.392171,0.222222,0.703704,0.481481,0.095238,0.047619,-0.099348,42.181412,1.000000,42.181412
2025-10-18,,0,0,29,2.177738,0.202211,1.288155,0.422346,0.0,0.0,0.050406,0.527248,0.422346,0.0,0.422346,-0.422346,-1.0,-0.422346,-1.0,2.394097,0.206897,0.517241,0.482759,0.034483,0.034483,-0.051556,46.937480,0.741352,47.729595
2025-10-19,,0,0,40,2.073407,0.22799,1.370186,0.431111,0.028853,0.0,0.07516,0.464875,0.431111,0.028853,0.459965,-0.402258,-0.874542,-0.402258,-0.874542,2.313063,0.2,0.55,0.6,0.025,0.05,-0.026056,49.475137,0.809619,49.575061
2025-10-20,,0,0,128,1.644451,0.205358,1.097092,0.315818,0.0117,0.010536,0.030308,0.631638,0.326354,0.010536,0.326354,-0.304118,-0.928554,-0.315818,-0.937451,2.447154,0.273438,0.640625,0.4375,0.125,0.078125,-0.040037,48.083805,1.000000,48.083805
2025-10-21,,0,0,134,1.698477,0.243689,1.321639,0.319227,0.023342,0.008684,0.028337,0.620409,0.343831,0.020896,0.356043,-0.295886,-0.863726,-0.322935,-0.885415,2.403386,0.276119,0.723881,0.507463,0.126866,0.0,-0.003971,51.672948,1.000000,51.672948
2025-10-22,,0,0,119,1.658811,0.204192,1.012318,0.314781,0.003411,0.0,0.012555,0.669253,0.314781,0.0,0.314781,-0.311369,-0.978558,-0.314781,-1.0,2.424438,0.352941,0.815126,0.436975,0.10084,0.008403,-0.041538,47.934431,1.000000,47.934431
2025-10-23,,0,0,141,1.651714,0.210981,1.086967,0.302305,0.019389,0.0,0.029394,0.648911,0.302305,0.003161,0.305466,-0.282917,-0.879458,-0.299145,-0.979307,2.424734,0.29078,0.758865,0.446809,0.120567,0.035461,-0.033325,48.751756,1.000000,48.751756
2025-10-24,,0,0,135,1.6144,0.217033,1.289186,0.333516,0.029341,0.010456,0.048048,0.578639,0.343972,0.012964,0.34648,-0.304175,-0.838277,-0.331008,-0.92736,2.366922,0.251852,0.62963,0.444444,0.081481,0.066667,-0.029370,49.145342,1.000000,49.145342
2025-10-25,,0,0,25,2.094534,0.476357,1.497528,0.412614,0.02086,0.0,0.063748,0.502778,0.457672,0.02086,0.478531,-0.391754,-0.903755,-0.436812,-0.912817,2.500889,0.32,0.64,0.48,0.12,0.0,0.205381,72.506818,0.713361,66.055487
2025-10-26,,0,0,29,2.090532,0.184074,1.586646,0.423723,0.0,0.0,0.0,0.576277,0.423723,0.0,0.423723,-0.423723,-1.0,-0.423723,-1.0,2.403276,0.172414,0.551724,0.517241,0.103448,0.103448,-0.068521,45.249191,0.741352,46.477979
2025-10-27,,0,0,188,1.628638,0.219523,1.114706,0.325213,0.018201,0.0,0.019758,0.636828,0.333158,0.008674,0.341832,-0.307012,-0.893999,-0.324485,-0.949253,2.382382,0.367021,0.755319,0.414894,0.117021,0.026596,-0.027131,49.368158,1.000000,49.368158
2025-10-28,,0,0,147,1.853049,0.126755,1.247212,0.356506,0.003205,0.01116,0.007777,0.621352,0.367666,0.01116,0.367666,-0.353301,-0.98218,-0.356506,-0.94108,2.336049,0.353741,0.727891,0.414966,0.122449,0.088435,-0.116760,40.448640,1.000000,40.448640
2025-10-29,,0,0,180,1.563172,0.250001,1.158396,0.327308,0.046869,0.0,0.022965,0.602859,0.327308,0.021695,0.349003,-0.280439,-0.749483,-0.305612,-0.875672,2.347074,0.294444,0.694444,0.455556,0.088889,0.094444,0.003097,52.376327,1.000000,52.376327
2025-10-30,,0,0,195,1.485412,0.174865,1.091133,0.271998,0.023987,0.0,0.037918,0.666097,0.271998,0.007403,0.279402,-0.248012,-0.83792,-0.264595,-0.947006,2.392797,0.241026,0.666667,0.420513,0.097436,0.107692,-0.064379,45.661386,1.000000,45.661386
2025-10-31,,0,0,141,1.743764,0.195245,1.173168,0.345455,0.020414,0.0,0.025903,0.608228,0.345455,0.002928,0.348383,-0.325041,-0.888407,-0.342527,-0.983193,2.384393,0.326241,0.730496,0.411348,0.134752,0.092199,-0.051086,46.984252,1.000000,46.984252
2025-11-01,,0,0,53,2.05738,0.221269,1.415167,0.480226,0.0,0.0,0.048554,0.47122,0.480226,0.0,0.480226,-0.480226,-1.0,-0.480226,-1.0,2.263054,0.207547,0.490566,0.509434,0.056604,0.169811,-0.037976,48.288907,0.879062,48.495844
2025-11-02,,0,0,33,2.032108,0.357651,0.923997,0.441325,0.034768,0.0,0.0,0.523906,0.441325,0.0,0.441325,-0.406557,-0.853944,-0.441325,-1.0,2.400577,0.272727,0.606061,0.272727,0.030303,0.060606,0.093914,61.414070,0.767470,58.759957
2025-11-03,,0,0,184,1.644545,0.141523,1.256496,0.323798,0.022134,0.0,0.03546,0.618608,0.323798,0.004008,0.327806,-0.301664,-0.872031,-0.31979,-0.975545,2.365025,0.353261,0.73913,0.467391,0.13587,0.048913,-0.099399,42.176337,1.000000,42.176337
2025-11-04,,0,0,161,1.615984,0.060504,1.169653,0.338484,0.0,0.0,0.007925,0.653591,0.338484,0.0,0.338484,-0.338484,-1.0,-0.338484,-1.0,2.346707,0.291925,0.850932,0.503106,0.055901,0.080745,-0.177267,34.427226,1.000000,34.427226
2025-11-05,,0,0,266,1.794376,0.11949,1.203684,0.360944,0.004012,0.005225,0.038908,0.590912,0.366168,0.005225,0.366168,-0.356931,-0.978012,-0.360944,-0.971864,2.362941,0.304511,0.763158,0.428571,0.078947,0.033835,-0.123783,39.749739,1.000000,39.749739
2025-11-06,,0,0,175,1.892593,0.173321,1.354767,0.414887,0.024527,0.0,0.043168,0.517419,0.422299,0.008432,0.430731,-0.39036,-0.888366,-0.413866,-0.960846,2.349802,0.314286,0.697143,0.462857,0.085714,0.062857,-0.076380,44.467095,1.000000,44.467095
2025-11-07,,0,0,184,1.912649,0.209212,1.148882,0.365182,0.036369,0.0,0.020731,0.577718,0.378931,0.005746,0.384677,-0.328814,-0.818858,-0.373185,-0.970125,2.313284,0.304348,0.777174,0.402174,0.065217,0.086957,-0.038780,48.208896,1.000000,48.208896
2025-11-08,,0,0,38,2.500677,0.238432,1.180975,0.510632,0.026051,0.037258,0.026142,0.399917,0.54789,0.037258,0.54789,-0.484581,-0.902918,-0.510632,-0.872654,2.348359,0.289474,0.473684,0.342105,0.157895,0.105263,-0.022806,49.798564,0.797982,49.839258
2025-11-09,,0,0,34,1.561492,0.118555,1.135266,0.290023,0.0,0.0,0.0,0.709977,0.320869,0.0,0.320869,-0.290023,-1.0,-0.320869,-1.0,2.345717,0.352941,0.764706,0.382353,0.0,0.029412,-0.120097,40.116555,0.773748,42.352703
2025-11-10,,0,0,137,1.627465,0.184993,1.236198,0.346482,0.038797,0.0,0.01995,0.594771,0.346482,0.0,0.346482,-0.307686,-0.798605,-0.346482,-1.0,2.31878,0.357664,0.751825,0.408759,0.175182,0.080292,-0.059636,46.133391,1.000000,46.133391
2025-11-11,,0,0,154,1.520739,0.30573,1.156807,0.283841,0.039864,0.0,0.044369,0.631925,0.283841,0.029051,0.312892,-0.243977,-0.7537,-0.25479,-0.814307,2.304526,0.318182,0.694805,0.428571,0.097403,0.071429,0.057862,57.826320,1.000000,57.826320
2025-11-12,,0,0,151,1.850089,0.250219,1.28369,0.370359,0.038165,0.0,0.047229,0.544247,0.370359,0.017744,0.388102,-0.332193,-0.813155,-0.352615,-0.908562,2.288415,0.364238,0.735099,0.430464,0.059603,0.07947,-0.000481,52.020259,1.000000,52.020259
2025-11-13,,0,0,158,1.952434,0.197019,1.329745,0.41425,0.025069,0.0,0.0,0.560681,0.41425,0.013127,0.427377,-0.389182,-0.885875,-0.401123,-0.93857,2.289905,0.259494,0.727848,0.443038,0.075949,0.037975,-0.054080,46.686302,1.000000,46.686302
2025-11-14,,0,0,199,2.257343,0.157772,1.32756,0.516194,0.01067,0.0,0.041099,0.432036,0.522432,0.0,0.522432,-0.505523,-0.959495,-0.522432,-1.0,2.27481,0.221106,0.61809,0.482412,0.075377,0.080402,-0.099247,42.191463,1.000000,42.191463
2025-11-15,,0,0,55,2.351803,0.181219,1.574557,0.535299,0.0,0.0,0.042071,0.42263,0.535299,0.0,0.535299,-0.535299,-1.0,-0.535299,-1.0,2.338947,0.236364,0.490909,0.545455,0.109091,0.036364,-0.079366,44.169940,0.888952,44.817359
2025-11-16,,0,0,28,2.549768,0.35652,1.499855,0.555419,0.044043,0.0,0.0,0.400538,0.555419,0.044043,0.599462,-0.511375,-0.853057,-0.511375,-0.853057,2.550566,0.178571,0.357143,0.607143,0.142857,0.035714,0.085574,60.584107,0.734545,57.774505
2025-11-17,,0,0,110,1.753265,0.248305,1.143464,0.340653,0.046678,0.0,0.064625,0.548044,0.340653,0.02994,0.370592,-0.293974,-0.758974,-0.310713,-0.838423,2.326443,0.345455,0.727273,0.327273,0.081818,0.054545,0.000594,52.127238,1.000000,52.127238
2025-11-18,,0,0,157,2.133909,0.205805,1.259681,0.462555,0.006983,0.017052,0.049209,0.464202,0.479607,0.017052,0.479607,-0.455572,-0.970257,-0.462555,-0.931331,2.298556,0.324841,0.687898,0.401274,0.070064,0.121019,-0.050707,47.021969,1.000000,47.021969
2025-11-19,,0,0,153,1.685751,0.176158,1.176855,0.305332,0.017904,0.0,0.019626,0.657138,0.305332,0.017904,0.323236,-0.287427,-0.889217,-0.287427,-0.889217,2.298994,0.352941,0.777778,0.359477,0.045752,0.098039,-0.065868,45.513207,1.000000,45.513207
2025-11-20,,0,0,172,1.820292,0.24405,1.370957,0.383601,0.013717,0.0,0.015075,0.587607,0.383601,0.011525,0.395127,-0.369885,-0.930953,-0.372076,-0.941664,2.26803,0.284884,0.656977,0.5,0.087209,0.05814,-0.008701,51.202237,1.000000,51.202237
2025-11-21,,0,0,215,2.046378,0.16042,1.312943,0.419012,0.003623,0.005051,0.045083,0.527231,0.424063,0.006731,0.425744,-0.415389,-0.982854,-0.417331,-0.968749,2.192794,0.27907,0.706977,0.413953,0.065116,0.069767,-0.089959,43.115768,1.000000,43.115768
2025-11-22,,0,0,42,2.914825,0.268461,1.837023,0.717706,0.024879,0.0,0.027346,0.230069,0.717706,0.0,0.717706,-0.692827,-0.932994,-0.717706,-1.0,2.298338,0.190476,0.404762,0.547619,0.0,0.047619,-0.010080,51.065005,0.820970,50.874337
2025-11-23,,0,0,32,2.349932,0.123959,1.239405,0.515526,0.0,0.0,0.0,0.484474,0.515526,0.0,0.515526,-0.515526,-1.0,-0.515526,-1.0,2.351876,0.3125,0.53125,0.4375,0.09375,0.0,-0.131256,39.006056,0.761096,41.632552
2025-11-24,,0,0,130,2.27314,0.27574,1.273885,0.483588,0.002841,0.0,0.028596,0.484975,0.483588,0.0,0.483588,-0.480747,-0.98832,-0.483588,-1.0,2.278989,0.284615,0.638462,0.453846,0.061538,0.015385,0.012611,53.323122,1.000000,53.323122
2025-11-25,,0,0,168,2.276176,0.264903,1.463903,0.494002,0.033917,0.006841,0.03842,0.42682,0.500843,0.017627,0.511629,-0.460085,-0.871506,-0.483216,-0.932002,2.332891,0.25,0.642857,0.482143,0.071429,0.071429,0.003735,52.439818,1.000000,52.439818
2025-11-26,,0,0,148,2.182994,0.11191,1.432124,0.459162,0.004952,0.0,0.049793,0.486092,0.468216,0.002473,0.470689,-0.45421,-0.978661,-0.465743,-0.989493,2.331989,0.175676,0.554054,0.560811,0.060811,0.054054,-0.138133,38.321684,1.000000,38.321684
2025-11-27,,0,0,131,2.100586,0.292644,1.317558,0.397007,0.045461,0.0,0.028272,0.529259,0.397007,0.023936,0.420943,-0.351546,-0.79451,-0.373072,-0.886277,2.504817,0.21374,0.618321,0.534351,0.091603,0.045802,0.037533,55.803259,1.000000,55.803259
2025-11-28,,0,0,98,1.783317,0.26864,1.220473,0.372134,0.031485,0.0,0.041997,0.554384,0.372134,0.031485,0.403619,-0.340649,-0.843986,-0.340649,-0.843986,2.451818,0.306122,0.612245,0.44898,0.081633,0.040816,0.016366,53.696805,1.000000,53.696805
2025-11-29,,0,0,43,2.06209,0.287036,1.427495,0.415005,0.026207,0.0,0.02272,0.536068,0.415005,0.0,0.415005,-0.388798,-0.881205,-0.415005,-1.0,2.505835,0.116279,0.465116,0.534884,0.046512,0.023256,0.029550,55.008823,0.826544,54.140010
2025-11-30,,0,0,40,2.076754,0.292157,1.271635,0.434089,0.034948,0.0,0.0,0.530963,0.434089,0.034948,0.469037,-0.399141,-0.850981,-0.399141,-0.850981,2.420603,0.275,0.475,0.5,0.075,0.05,0.033929,55.444604,0.809619,54.408057
2025-12-01,,0,0,97,1.654705,0.155929,1.434093,0.307728,0.0,0.0,0.059415,0.632857,0.307728,0.0,0.307728,-0.307728,-1.0,-0.307728,-1.0,2.439639,0.154639,0.628866,0.597938,0.041237,0.030928,-0.086173,43.492535,1.000000,43.492535
2025-12-02,,0,0,91,1.693065,0.247094,1.289331,0.321927,0.027601,0.0,0.02351,0.626961,0.349059,0.01626,0.365319,-0.294327,-0.842069,-0.332799,-0.910982,2.440948,0.21978,0.593407,0.516484,0.076923,0.021978,-0.000845,51.984035,1.000000,51.984035
2025-12-03,,0,0,117,1.543039,0.316453,1.396854,0.291598,0.071539,0.0,0.029024,0.607839,0.291598,0.03379,0.325388,-0.220059,-0.605994,-0.257808,-0.792308,2.369339,0.290598,0.717949,0.521368,0.08547,0.034188,0.069203,58.954931,1.000000,58.954931
2025-12-04,,0,0,97,1.849461,0.253052,1.463677,0.33243,0.028103,0.0,0.039123,0.600344,0.33243,0.00507,0.3375,-0.304326,-0.844101,-0.32736,-0.969956,2.344971,0.257732,0.680412,0.515464,0.185567,0.010309,0.004146,52.480719,1.000000,52.480719
2025-12-05,,0,0,152,1.756741,0.279276,1.189039,0.334961,0.051482,0.0,0.017121,0.596436,0.334961,0.038605,0.373566,-0.28348,-0.73356,-0.296357,-0.793317,2.446583,0.289474,0.651316,0.460526,0.138158,0.026316,0.030254,55.078883,1.000000,55.078883
2025-12-06,,0,0,33,2.233352,0.33466,1.632032,0.471743,0.0,0.0,0.03286,0.495396,0.471743,0.0,0.471743,-0.471743,-1.0,-0.471743,-1.0,2.536323,0.121212,0.424242,0.575758,0.060606,0.0,0.068191,58.854220,0.767470,56.795349
2025-12-07,,0,0,31,1.933854,0.21635,1.397391,0.419934,0.0,0.0,0.029482,0.550584,0.419934,0.0,0.419934,-0.419934,-1.0,-0.419934,-1.0,2.508339,0.064516,0.419355,0.774194,0.0,0.064516,-0.038139,48.272686,0.754622,48.696531
2025-12-08,,0,0,126,1.504015,0.290779,1.278571,0.277137,0.039294,0.009337,0.037745,0.636486,0.286474,0.026979,0.304116,-0.237843,-0.751641,-0.259495,-0.827859,2.413949,0.198413,0.68254,0.507937,0.095238,0.015873,0.044237,56.470415,1.000000,56.470415
2025-12-09,,0,0,96,1.867714,0.49465,1.230068,0.389937,0.085298,0.0,0.039691,0.485075,0.401725,0.04498,0.446705,-0.304639,-0.641029,-0.356745,-0.798615,2.386379,0.166667,0.6875,0.4375,0.041667,0.052083,0.228717,74.829123,1.000000,74.829123
2025-12-10,,0,0,89,1.822971,0.251443,1.270237,0.347964,0.028351,0.011391,0.025484,0.586811,0.359354,0.023599,0.371563,-0.319613,-0.849322,-0.335755,-0.876752,2.424443,0.168539,0.573034,0.505618,0.11236,0.067416,0.001641,52.231432,1.000000,52.231432
2025-12-11,,0,0,145,2.129088,0.178443,1.43356,0.448313,0.023258,0.0,0.041044,0.487385,0.457414,0.0,0.457414,-0.425055,-0.901358,-0.457414,-1.0,2.367831,0.282759,0.627586,0.441379,0.096552,0.103448,-0.074326,44.671501,1.000000,44.671501
2025-12-12,,0,0,136,2.127012,0.38739,1.280368,0.461913,0.040424,0.008809,0.034021,0.454832,0.470722,0.019634,0.481547,-0.421489,-0.839055,-0.451088,-0.919919,2.417749,0.220588,0.632353,0.441176,0.095588,0.066176,0.120569,64.066669,1.000000,64.066669
2025-12-13,,0,0,63,2.488038,0.375885,1.442031,0.530138,0.022651,0.021608,0.049868,0.375734,0.551746,0.04426,0.574398,-0.507487,-0.918048,-0.507487,-0.851479,2.430706,0.15873,0.507937,0.460317,0.031746,0.111111,0.103910,62.408832,0.926818,61.500726
2025-12-14,,0,0,26,1.994611,0.193268,1.775128,0.396578,0.0,0.0,0.0,0.603422,0.396578,0.0,0.396578,-0.396578,-1.0,-0.396578,-1.0,2.227549,0.230769,0.461538,0.615385,0.0,0.038462,-0.057957,46.300478,0.720557,47.334283
2025-12-15,,0,0,108,2.220328,0.228012,1.309486,0.456179,0.0286,0.010649,0.019701,0.484871,0.466828,0.028861,0.48504,-0.427579,-0.882007,-0.437967,-0.883552,2.39364,0.203704,0.592593,0.481481,0.064815,0.027778,-0.028065,49.275210,1.000000,49.275210
2025-12-16,,0,0,150,2.085731,0.227044,1.339006,0.429839,0.006457,0.006912,0.035668,0.521124,0.443859,0.006912,0.443859,-0.423382,-0.970401,-0.436947,-0.969333,2.396022,0.173333,0.673333,0.48,0.04,0.053333,-0.028665,49.215500,1.000000,49.215500
2025-12-17,,0,0,124,2.09583,0.209112,1.31927,0.422151,0.010048,0.0,0.016685,0.551116,0.422151,0.010048,0.432199,-0.412103,-0.953502,-0.412103,-0.953502,2.393862,0.145161,0.564516,0.508065,0.040323,0.072581,-0.044360,47.653597,1.000000,47.653597
2025-12-18,,0,0,152,2.133518,0.184627,1.195944,0.445299,0.0,0.0,0.03434,0.520362,0.445299,0.0,0.445299,-0.445299,-1.0,-0.445299,-1.0,2.325561,0.217105,0.657895,0.394737,0.111842,0.032895,-0.069587,45.143107,1.000000,45.143107
2025-12-19,,0,0,126,2.0931,0.252742,1.234873,0.436323,0.039617,0.0,0.03049,0.49357,0.436323,0.019223,0.455546,-0.396706,-0.833521,-0.417099,-0.915603,2.353895,0.230159,0.563492,0.492063,0.087302,0.063492,-0.002892,51.780326,1.000000,51.780326
2025-12-20,,0,0,49,2.246688,0.645206,1.467615,0.423702,0.104724,0.024916,0.05232,0.394339,0.448617,0.084583,0.508285,-0.318977,-0.603637,-0.364034,-0.682734,2.466911,0.142857,0.44898,0.469388,0.122449,0.040816,0.367875,88.677569,0.858705,83.212640
2025-12-21,,0,0,23,2.241007,0.198871,1.977971,0.454861,0.0,0.0,0.10279,0.442349,0.454861,0.0,0.454861,-0.454861,-1.0,-0.454861,-1.0,2.522411,0.130435,0.521739,0.73913,0.0,0.043478,-0.057048,46.390938,0.698524,47.478985
2025-12-22,,0,0,89,2.304059,0.428195,1.506295,0.515345,0.062262,0.0,0.013033,0.409361,0.529599,0.046786,0.56213,-0.453083,-0.784415,-0.482814,-0.837658,2.526136,0.224719,0.52809,0.494382,0.101124,0.044944,0.156221,67.614613,1.000000,67.614613
2025-12-23,,0,0,137,2.357762,0.21194,1.307851,0.505367,0.016008,0.0,0.01744,0.461184,0.505367,0.0,0.505367,-0.489359,-0.938592,-0.505367,-1.0,2.401741,0.167883,0.547445,0.554745,0.087591,0.043796,-0.047642,47.326985,1.000000,47.326985
2025-12-24,,0,0,165,2.126286,0.181083,1.296053,0.471215,0.012609,0.0,0.028434,0.487742,0.471215,0.012609,0.483824,-0.458607,-0.947879,-0.458607,-0.947879,2.409462,0.187879,0.654545,0.545455,0.09697,0.036364,-0.073852,44.718671,1.000000,44.718671
2025-12-25,,0,0,52,2.471237,0.260649,1.811043,0.559768,0.0,0.018927,0.074186,0.347119,0.578695,0.018927,0.578695,-0.559768,-1.0,-0.559768,-0.936659,2.518049,0.057692,0.384615,0.711538,0.038462,0.038462,-0.007205,51.351113,0.874047,51.180936
2025-12-26,,0,0,122,1.948315,0.449134,1.134792,0.398749,0.088039,0.01001,0.01971,0.483493,0.408758,0.070267,0.469016,-0.31071,-0.638287,-0.338491,-0.706624,2.357589,0.245902,0.672131,0.442623,0.090164,0.02459,0.186201,70.598102,1.000000,70.598102
2025-12-27,,0,0,60,2.406675,0.204115,1.640454,0.561537,0.01395,0.0,0.018173,0.406341,0.561537,0.0,0.561537,-0.547587,-0.95152,-0.561537,-1.0,2.469088,0.15,0.45,0.55,0.05,0.05,-0.059147,46.182054,0.912917,46.514534
2025-12-28,,0,0,37,2.36898,0.215196,1.713025,0.555267,0.0,0.0,0.029069,0.415663,0.555267,0.0,0.555267,-0.555267,-1.0,-0.555267,-1.0,2.419047,0.135135,0.459459,0.756757,0.081081,0.054054,-0.049178,47.174129,0.792048,47.761775
2025-12-29,,0,0,102,1.88711,0.216782,1.250155,0.379272,0.013941,0.012483,0.035968,0.558337,0.391755,0.012483,0.391755,-0.365331,-0.929094,-0.379272,-0.938238,2.359958,0.196078,0.647059,0.519608,0.058824,0.029412,-0.033950,48.689558,1.000000,48.689558
2025-12-30,,0,0,101,2.631733,0.388862,1.815544,0.581785,0.017296,0.0,0.0,0.400919,0.581785,0.01357,0.595355,-0.564489,-0.942259,-0.568216,-0.954415,2.382702,0.207921,0.435644,0.564356,0.079208,0.029703,0.111759,63.189933,1.000000,63.189933
2025-12-31,,0,0,59,2.459954,0.149712,1.275965,0.513321,0.0,0.018057,0.044532,0.424089,0.531379,0.018057,0.531379,-0.513321,-1.0,-0.513321,-0.934269,2.477208,0.169492,0.457627,0.440678,0.084746,0.067797,-0.107145,41.405486,0.908206,42.194412
2026-01-01,,0,0,40,2.607802,0.280631,1.619489,0.581216,0.0,0.0,0.030235,0.38855,0.581216,0.0,0.581216,-0.581216,-1.0,-0.581216,-1.0,2.267789,0.2,0.4,0.525,0.05,0.025,0.009805,53.043880,0.809619,52.464384
2026-01-02,,0,0,138,1.476094,0.258523,1.29463,0.267948,0.05345,0.0,0.033104,0.645497,0.267948,0.007414,0.275363,-0.214498,-0.667389,-0.260534,-0.94615,2.313118,0.23913,0.710145,0.543478,0.072464,0.007246,0.015560,53.616595,1.000000,53.616595
2026-01-03,,0,0,52,2.452703,0.250058,1.537486,0.561836,0.025224,0.0,0.040707,0.372233,0.561836,0.025224,0.58706,-0.536612,-0.914066,-0.536612,-0.914066,2.417238,0.115385,0.442308,0.692308,0.019231,0.076923,-0.015381,50.537471,0.874047,50.469775
2026-01-04,,0,0,52,2.140714,0.266411,1.861566,0.443747,0.024152,0.0,0.040597,0.491504,0.443747,0.0,0.443747,-0.419595,-0.896766,-0.443747,-1.0,2.277167,0.115385,0.423077,0.653846,0.038462,0.019231,0.008108,52.875002,0.874047,52.512886
2026-01-05,,0,0,159,1.827215,0.212692,1.390445,0.379712,0.021701,0.0,0.054567,0.54402,0.399231,0.013822,0.413053,-0.358011,-0.891876,-0.385408,-0.933073,2.436485,0.27044,0.685535,0.496855,0.09434,0.025157,-0.037397,48.346527,1.000000,48.346527
2026-01-06,,0,0,197,1.658147,0.282695,1.324898,0.308479,0.030032,0.0,0.058013,0.603476,0.315613,0.015897,0.331509,-0.278448,-0.822566,-0.299716,-0.904095,2.424394,0.279188,0.71066,0.497462,0.071066,0.040609,0.033716,55.423407,1.000000,55.423407
2026-01-07,,0,0,160,1.651931,0.318857,1.034754,0.317354,0.045422,0.006358,0.015569,0.615297,0.323712,0.034454,0.351808,-0.271932,-0.749588,-0.289259,-0.807609,2.501503,0.25625,0.66875,0.41875,0.09375,0.03125,0.067925,58.827749,1.000000,58.827749
2026-01-08,,0,0,140,1.940775,0.234837,1.24621,0.415132,0.046267,0.0,0.03568,0.50292,0.415132,0.029811,0.444943,-0.368865,-0.799448,-0.385321,-0.866002,2.500996,0.228571,0.585714,0.471429,0.092857,0.057143,-0.017443,50.332269,1.000000,50.332269
2026-01-09,,0,0,156,1.933761,0.258354,1.165547,0.385761,0.016745,0.007123,0.022742,0.567629,0.410442,0.023868,0.427187,-0.369016,-0.916797,-0.386575,-0.890089,2.509157,0.25,0.583333,0.435897,0.076923,0.083333,0.004435,52.509479,1.000000,52.509479
2026-01-10,,0,0,50,1.910539,0.357127,1.67185,0.391979,0.021198,0.0,0.062191,0.524632,0.391979,0.0,0.391979,-0.37078,-0.897388,-0.391979,-1.0,2.564736,0.16,0.66,0.54,0.04,0.02,0.096252,61.646739,0.863870,60.061270
2026-01-11,,0,0,32,2.397977,0.397792,1.591836,0.513178,0.035358,0.0,0.032758,0.418707,0.513178,0.035358,0.548536,-0.47782,-0.871082,-0.47782,-0.871082,2.558635,0.0625,0.3125,0.65625,0.0,0.0625,0.126496,64.656500,0.761096,61.155005
2026-01-12,,0,0,140,2.199035,0.313157,1.164379,0.477856,0.048416,0.0,0.017882,0.455846,0.477856,0.040052,0.517908,-0.429441,-0.816005,-0.437804,-0.845332,2.557043,0.214286,0.621429,0.442857,0.028571,0.071429,0.051132,57.156577,1.000000,57.156577
2026-01-13,,0,0,177,2.042875,0.326554,1.233831,0.411089,0.037136,0.0,0.054239,0.497536,0.42583,0.018991,0.444821,-0.373953,-0.834299,-0.406839,-0.914612,2.458335,0.214689,0.548023,0.457627,0.079096,0.056497,0.067345,58.770030,1.000000,58.770030
2026-01-14,,0,0,134,2.448034,0.238654,1.142673,0.500255,0.023625,0.016739,0.025239,0.434142,0.519869,0.034613,0.537744,-0.476631,-0.909809,-0.485256,-0.875151,2.538921,0.126866,0.529851,0.477612,0.022388,0.044776,-0.021763,49.902360,1.000000,49.902360
2026-01-15,,0,0,174,1.926646,0.388419,1.285746,0.431092,0.039735,0.006388,0.047856,0.474928,0.43748,0.033361,0.464453,-0.391357,-0.831211,-0.404119,-0.858293,2.52189,0.235632,0.603448,0.41954,0.074713,0.074713,0.124013,64.409402,1.000000,64.409402
2026-01-16,,0,0,153,2.033827,0.27715,1.359458,0.444523,0.030324,0.0,0.030904,0.49425,0.444523,0.027765,0.472287,-0.414199,-0.87228,-0.416758,-0.882425,2.491621,0.24183,0.503268,0.509804,0.071895,0.026144,0.018836,53.942609,1.000000,53.942609
2026-01-17,,0,0,57,1.837937,0.318614,1.466885,0.367288,0.056273,0.0,0.019943,0.556496,0.367288,0.035843,0.403132,-0.311016,-0.734288,-0.331445,-0.822175,2.48897,0.140351,0.54386,0.684211,0.017544,0.035088,0.064759,58.512682,0.898663,57.650034
2026-01-18,,0,0,38,2.486489,0.25008,1.232162,0.548571,0.0,0.0,0.029168,0.42226,0.548571,0.0,0.548571,-0.548571,-1.0,-0.548571,-1.0,2.478954,0.078947,0.342105,0.552632,0.052632,0.0,-0.016239,50.452086,0.797982,50.360756
2026-01-19,,0,0,178,2.07496,0.245053,1.25898,0.387853,0.030104,0.01419,0.039283,0.52857,0.409538,0.031196,0.419049,-0.357748,-0.855945,-0.378342,-0.858435,2.508671,0.258427,0.679775,0.449438,0.101124,0.039326,-0.007219,51.349720,1.000000,51.349720
2026-01-20,,0,0,187,2.020189,0.170445,1.137339,0.383961,0.011291,0.0,0.032521,0.572227,0.389853,0.002752,0.392605,-0.37267,-0.942867,-0.387102,-0.985982,2.413268,0.213904,0.68984,0.433155,0.080214,0.037433,-0.077685,44.337227,1.000000,44.337227
2026-01-21,,0,0,216,2.000839,0.286676,1.207774,0.407555,0.030466,0.010254,0.037076,0.514648,0.430186,0.032893,0.452825,-0.377089,-0.860892,-0.397294,-0.857939,2.46213,0.287037,0.675926,0.439815,0.115741,0.032407,0.030168,55.070324,1.000000,55.070324
2026-01-22,bull,1,0,195,1.841378,0.325377,1.266906,0.362183,0.035501,0.014449,0.03539,0.552476,0.38146,0.034503,0.401514,-0.326681,-0.82146,-0.346957,-0.834105,2.444995,0.220513,0.641026,0.471795,0.097436,0.030769,0.069921,59.026383,1.000000,59.026383
2026-01-23,bull,1,0,160,2.133832,0.271176,1.294932,0.418928,0.037694,0.0,0.029119,0.514259,0.418928,0.033031,0.451959,-0.381234,-0.8349,-0.385897,-0.853831,2.446812,0.23125,0.6,0.5125,0.09375,0.0375,0.015608,53.621371,1.000000,53.621371
2026-01-24,bull,1,0,56,2.174741,0.26788,1.42296,0.41242,0.025371,0.0,0.078064,0.484145,0.41242,0.007253,0.419673,-0.387049,-0.884095,-0.405167,-0.965435,2.590966,0.107143,0.392857,0.517857,0.035714,0.053571,0.011915,53.253859,0.893829,52.908394
2026-01-25,bull,1,0,51,2.239736,0.283052,1.708922,0.562413,0.004731,0.0,0.102238,0.330619,0.562413,0.0,0.562413,-0.557682,-0.983317,-0.562413,-1.0,2.552969,0.098039,0.333333,0.627451,0.058824,0.039216,0.013815,53.442939,0.868983,52.991857
2026-01-26,bull,1,0,197,1.837971,0.325369,1.206813,0.345978,0.050056,0.015737,0.036192,0.552037,0.361714,0.035274,0.381251,-0.295921,-0.747212,-0.326441,-0.822294,2.412499,0.238579,0.690355,0.406091,0.096447,0.030457,0.072006,59.233874,1.000000,59.233874
2026-01-27,bull,1,0,215,1.849067,0.293574,1.267633,0.393526,0.050455,0.0,0.032867,0.523152,0.393526,0.044145,0.437671,-0.34307,-0.772715,-0.34938,-0.798271,2.468479,0.204651,0.64186,0.455814,0.074419,0.060465,0.039304,55.979502,1.000000,55.979502
2026-01-28,bull,1,0,228,2.103391,0.333408,1.200909,0.437836,0.037168,0.011889,0.018198,0.49491,0.454983,0.038105,0.481198,-0.400668,-0.843506,-0.416878,-0.845445,2.467227,0.223684,0.609649,0.434211,0.096491,0.074561,0.072002,59.233476,1.000000,59.233476
2026-01-29,bull,1,0,242,1.952891,0.272417,1.27083,0.425676,0.048871,0.0,0.032113,0.49334,0.425676,0.023475,0.449151,-0.376804,-0.794029,-0.402201,-0.895471,2.406925,0.219008,0.665289,0.483471,0.066116,0.057851,0.016851,53.745070,1.000000,53.745070
2026-01-30,bull,1,0,283,2.148435,0.219364,1.291947,0.484968,0.021981,0.004428,0.022484,0.46614,0.49456,0.014887,0.505018,-0.462987,-0.913283,-0.479673,-0.941558,2.38063,0.265018,0.636042,0.448763,0.09894,0.038869,-0.038758,48.211085,1.000000,48.211085
2026-01-31,bull,1,0,87,2.464913,0.402679,1.484691,0.555449,0.015631,0.0,0.012506,0.416414,0.555449,0.011246,0.566694,-0.539818,-0.945259,-0.544203,-0.960312,2.538652,0.08046,0.413793,0.551724,0.022989,0.045977,0.126461,64.653017,1.000000,64.653017
2026-02-01,bull,1,0,54,2.787487,0.477419,1.84251,0.645049,0.023115,0.0,0.022994,0.308842,0.645049,0.023115,0.668164,-0.621934,-0.930811,-0.621934,-0.930811,2.471492,0.166667,0.296296,0.62963,0.074074,0.055556,0.190065,70.982632,0.884029,68.549266
2026-02-02,bull,1,0,265,2.116364,0.315126,1.285418,0.430201,0.013997,0.015161,0.027551,0.51309,0.445362,0.027734,0.457935,-0.416204,-0.93698,-0.417628,-0.882754,2.431952,0.249057,0.675472,0.456604,0.075472,0.018868,0.054049,57.446865,1.000000,57.446865
2026-02-03,bull,1,0,236,2.086809,0.307342,1.306796,0.421935,0.029949,0.010032,0.030574,0.507509,0.431968,0.035729,0.457664,-0.391986,-0.867449,-0.396238,-0.847212,2.479476,0.224576,0.639831,0.461864,0.09322,0.021186,0.048529,56.897537,1.000000,56.897537
2026-02-04,bull,1,0,230,2.163843,0.373805,1.271065,0.448227,0.050453,0.010877,0.015965,0.474478,0.459104,0.048022,0.496249,-0.397774,-0.797653,-0.411082,-0.810612,2.456795,0.252174,0.608696,0.43913,0.117391,0.052174,0.109857,63.000654,1.000000,63.000654
2026-02-05,bull,1,0,285,2.238124,0.224418,1.197997,0.500769,0.019602,0.0,0.018719,0.46091,0.50638,0.012618,0.518998,-0.481168,-0.924662,-0.493762,-0.951375,2.455892,0.189474,0.614035,0.435088,0.066667,0.070175,-0.035342,48.551032,1.000000,48.551032
2026-02-06,bull,1,0,305,2.128725,0.294344,1.252321,0.452122,0.030996,0.003218,0.027033,0.486632,0.458463,0.030486,0.48573,-0.421126,-0.871684,-0.427978,-0.875301,2.480204,0.180328,0.642623,0.422951,0.078689,0.039344,0.034257,55.477245,1.000000,55.477245
2026-02-07,bull,1,0,99,2.419603,0.243512,1.523382,0.536704,0.012005,0.0,0.010765,0.440526,0.536704,0.0,0.536704,-0.524699,-0.956244,-0.536704,-1.0,2.504897,0.181818,0.424242,0.585859,0.080808,0.030303,-0.020769,50.001279,1.000000,50.001279
2026-02-08,bull,1,0,54,2.407253,0.175322,1.205441,0.541867,0.007756,0.0,0.0,0.450378,0.541867,0.007756,0.549622,-0.534111,-0.971778,-0.534111,-0.971778,2.713895,0.12963,0.296296,0.537037,0.111111,0.074074,-0.084788,43.630365,0.884029,44.369055
2026-02-09,bull,1,0,156,1.865413,0.285168,1.366009,0.334152,0.027032,0.0,0.030808,0.608008,0.342811,0.013926,0.356737,-0.30712,-0.850317,-0.328885,-0.921928,2.516626,0.237179,0.673077,0.448718,0.083333,0.038462,0.033866,55.438334,1.000000,55.438334
2026-02-10,bull,1,0,164,1.913615,0.334765,1.348159,0.382872,0.019275,0.0,0.007568,0.590284,0.382872,0.015159,0.398032,-0.363597,-0.90414,-0.367713,-0.923828,2.582028,0.195122,0.621951,0.542683,0.060976,0.030488,0.076186,59.649851,1.000000,59.649851
2026-02-11,bull,1,0,157,2.015422,0.306161,1.265474,0.404187,0.024939,0.005585,0.022952,0.542337,0.419086,0.024232,0.437733,-0.379248,-0.88377,-0.394853,-0.890677,2.524046,0.216561,0.598726,0.452229,0.095541,0.044586,0.048217,56.866488,1.000000,56.866488
2026-02-12,bull,1,0,203,1.684141,0.361747,0.982193,0.308261,0.067421,0.0,0.013964,0.610354,0.316796,0.042879,0.356729,-0.240841,-0.641075,-0.273917,-0.761567,2.591079,0.270936,0.679803,0.394089,0.093596,0.029557,0.109899,63.004833,1.000000,63.004833
2026-02-13,bull,1,0,247,2.123932,0.326217,1.440973,0.45168,0.044786,0.0,0.022033,0.4815,0.45168,0.01843,0.47011,-0.406894,-0.81958,-0.433251,-0.921594,2.597682,0.190283,0.574899,0.465587,0.072874,0.020243,0.064704,58.507208,1.000000,58.507208
2026-02-14,bull,1,0,54,2.304799,0.285559,1.019223,0.540386,0.062677,0.0,0.0,0.396936,0.561563,0.062677,0.603064,-0.477709,-0.792138,-0.498886,-0.799189,2.722603,0.185185,0.425926,0.462963,0.018519,0.037037,0.021711,54.228718,0.884029,53.738311
2026-02-15,bull,1,0,23,3.196394,0.261503,1.77952,0.75893,0.043988,0.0,0.0,0.197082,0.75893,0.043988,0.802918,-0.714941,-0.890429,-0.714941,-0.890429,2.889446,0.0,0.304348,0.695652,0.0,0.0,-0.017904,50.286392,0.698524,50.200052
2026-02-16,bull,1,0,23,2.633347,0.380604,1.348061,0.502188,0.0,0.053717,0.0,0.444096,0.555904,0.053717,0.555904,-0.502188,-1.0,-0.502188,-0.82377,2.752936,0.130435,0.347826,0.478261,0.043478,0.086957,0.108646,62.880140,0.698524,58.997083
2026-02-17,bull,1,0,41,2.217385,0.179597,1.275096,0.500045,0.0,0.0,0.0,0.499955,0.500045,0.0,0.500045,-0.500045,-1.0,-0.500045,-1.0,2.629157,0.243902,0.536585,0.414634,0.097561,0.02439,-0.078274,44.278612,0.815329,45.335185
2026-02-18,bull,1,0,54,1.933558,0.254897,1.126075,0.382996,0.051324,0.0,0.0,0.56568,0.382996,0.023954,0.40695,-0.331672,-0.763657,-0.359042,-0.882274,2.527699,0.222222,0.648148,0.425926,0.111111,0.111111,0.003791,52.445391,0.884029,52.161798
2026-02-19,bull,1,0,156,2.074663,0.25929,1.451119,0.405853,0.014568,0.0,0.016403,0.563177,0.405853,0.005806,0.411658,-0.391285,-0.9307,-0.400047,-0.971794,2.628808,0.217949,0.532051,0.487179,0.083333,0.019231,0.003769,52.443202,1.000000,52.443202
2026-02-20,bull,1,0,191,2.017512,0.266086,1.245888,0.422931,0.023044,0.0,0.005994,0.548031,0.430048,0.018053,0.442786,-0.399886,-0.896656,-0.411994,-0.919424,2.66298,0.198953,0.549738,0.465969,0.08377,0.04712,0.009443,53.007855,1.000000,53.007855
2026-02-21,bull,1,0,82,2.820569,0.261162,1.25719,0.669186,0.011254,0.0,0.012706,0.306855,0.669186,0.011254,0.68044,-0.657932,-0.966921,-0.657932,-0.966921,2.586588,0.182927,0.414634,0.390244,0.109756,0.134146,-0.013966,50.678286,1.000000,50.678286
2026-02-22,bull,1,0,46,2.876259,0.252472,1.418384,0.701025,0.0,0.0,0.0,0.298975,0.701025,0.0,0.701025,-0.701025,-1.0,-0.701025,-1.0,2.737881,0.108696,0.282609,0.565217,0.086957,0.086957,-0.025207,49.559627,0.842887,49.628815
2026-02-23,bull,1,0,154,1.808649,0.313911,1.212478,0.350814,0.046342,0.00879,0.030234,0.56382,0.367579,0.044643,0.395457,-0.304472,-0.766631,-0.322936,-0.783401,2.692901,0.233766,0.649351,0.474026,0.077922,0.032468,0.060891,58.127754,1.000000,58.127754
2026-02-24,bull,1,0,237,2.029022,0.259728,1.225423,0.427323,0.024132,0.01154,0.036848,0.500157,0.449375,0.023073,0.460907,-0.403191,-0.893091,-0.426302,-0.902327,2.604122,0.265823,0.64557,0.417722,0.075949,0.084388,0.003125,52.379113,1.000000,52.379113
2026-02-25,bull,1,0,282,1.781798,0.297213,1.160662,0.35008,0.035894,0.0,0.036188,0.577838,0.35008,0.027553,0.377633,-0.314187,-0.814011,-0.322527,-0.854074,2.591191,0.280142,0.613475,0.446809,0.074468,0.049645,0.044784,56.524850,1.000000,56.524850
2026-02-26,bull,1,0,307,1.842952,0.241207,1.208747,0.379476,0.031816,0.0,0.03324,0.555467,0.379476,0.023738,0.403215,-0.34766,-0.845287,-0.355738,-0.882255,2.621614,0.267101,0.635179,0.446254,0.107492,0.042345,-0.009823,51.090580,1.000000,51.090580
2026-02-27,,0,0,308,1.994193,0.216606,1.223814,0.398193,0.031519,0.0,0.003599,0.566689,0.401779,0.021882,0.423661,-0.366674,-0.853302,-0.379898,-0.896701,2.588554,0.256494,0.633117,0.444805,0.100649,0.032468,-0.034234,48.661296,1.000000,48.661296
2026-02-28,,0,0,152,2.493245,0.201407,1.298009,0.541762,0.006203,0.008692,0.026985,0.416357,0.558287,0.014895,0.56449,-0.535559,-0.977359,-0.543392,-0.948027,2.635375,0.125,0.486842,0.506579,0.052632,0.059211,-0.060736,46.023923,1.000000,46.023923
2026-03-01,,0,0,71,2.737047,0.165594,1.412801,0.653089,0.0,0.01446,0.04699,0.285461,0.667549,0.01446,0.667549,-0.653089,-1.0,-0.653089,-0.957595,2.65578,0.126761,0.380282,0.535211,0.042254,0.056338,-0.102593,41.858483,0.962347,42.165036
2026-03-02,,0,0,135,2.141645,0.237442,1.204014,0.455106,0.02553,0.008737,0.04461,0.466017,0.463843,0.025036,0.480141,-0.429575,-0.893765,-0.438807,-0.897578,2.593701,0.244444,0.703704,0.407407,0.096296,0.059259,-0.019388,50.138710,1.000000,50.138710
2026-03-03,bear,0,1,378,2.060852,0.259524,1.245178,0.442448,0.030571,0.003344,0.015746,0.50789,0.451995,0.030221,0.478872,-0.411877,-0.870741,-0.421774,-0.874658,2.606307,0.232804,0.690476,0.433862,0.089947,0.031746,0.002479,52.314826,1.000000,52.314826
2026-03-04,bear,0,1,556,2.098017,0.227538,1.123177,0.448857,0.017527,0.002256,0.004467,0.526893,0.455707,0.015356,0.468807,-0.431331,-0.92484,-0.440351,-0.934802,2.557418,0.242806,0.681655,0.395683,0.070144,0.021583,-0.028723,49.209728,1.000000,49.209728
2026-03-05,bear,0,1,330,2.283929,0.328409,1.328444,0.493947,0.031018,0.0,0.01417,0.460864,0.493947,0.022886,0.516833,-0.462929,-0.881828,-0.471062,-0.911438,2.596091,0.187879,0.581818,0.460606,0.066667,0.033333,0.062880,58.325691,1.000000,58.325691
2026-03-06,bear,0,1,261,2.344484,0.194916,1.3569,0.493556,0.008293,0.0,0.018652,0.4795,0.493556,0.004721,0.498277,-0.485262,-0.96695,-0.488834,-0.98105,2.626543,0.153257,0.555556,0.494253,0.05364,0.042146,-0.063022,45.796430,1.000000,45.796430
2026-03-07,,0,0,101,2.270783,0.184643,1.317376,0.494242,0.010909,0.0,0.0,0.494849,0.494242,0.0,0.494242,-0.483333,-0.956809,-0.494242,-1.0,2.598677,0.148515,0.39604,0.465347,0.019802,0.089109,-0.072529,44.850331,1.000000,44.850331
2026-03-08,,0,0,72,2.807362,0.237242,1.321584,0.680144,0.013998,0.0,0.013561,0.292297,0.680144,0.0,0.680144,-0.666146,-0.959668,-0.680144,-1.0,2.652145,0.138889,0.472222,0.472222,0.027778,0.097222,-0.037031,48.382950,0.966644,48.436888
2026-03-09,,0,0,360,2.03772,0.284803,1.076176,0.416959,0.034956,0.003234,0.023691,0.52116,0.427009,0.024867,0.448642,-0.382003,-0.845297,-0.402142,-0.889938,2.553181,0.225,0.738889,0.330556,0.066667,0.025,0.028056,54.860146,1.000000,54.860146
2026-03-10,,0,0,259,1.96715,0.179826,1.24248,0.37923,0.017884,0.0,0.034252,0.568635,0.37923,0.008216,0.387446,-0.361346,-0.909932,-0.371015,-0.957591,2.657743,0.274131,0.69112,0.42471,0.088803,0.046332,-0.068043,45.296760,1.000000,45.296760
2026-03-11,,0,0,185,2.093196,0.230417,1.116861,0.454497,0.032454,0.0,0.005465,0.507584,0.454497,0.027484,0.481981,-0.422043,-0.866704,-0.427013,-0.885954,2.741734,0.243243,0.643243,0.437838,0.086486,0.048649,-0.025309,49.549476,1.000000,49.549476
2026-03-12,,0,0,182,2.10514,0.243602,1.180032,0.46319,0.028724,0.005358,0.023759,0.478969,0.475667,0.020068,0.490378,-0.434466,-0.883215,-0.455599,-0.919037,2.737403,0.203297,0.604396,0.472527,0.054945,0.06044,-0.014162,50.658781,1.000000,50.658781
2026-03-13,,0,0,185,2.059797,0.267395,1.134389,0.459791,0.023369,0.005389,0.030766,0.480685,0.465181,0.015384,0.475175,-0.436422,-0.903266,-0.449796,-0.935975,2.671836,0.221622,0.605405,0.405405,0.048649,0.054054,0.007977,52.861965,1.000000,52.861965
2026-03-14,,0,0,67,2.555058,0.055489,1.266081,0.566765,0.0,0.0,0.016401,0.416834,0.566765,0.0,0.566765,-0.566765,-1.0,-0.566765,-1.0,2.791073,0.179104,0.462687,0.522388,0.059701,0.074627,-0.198809,32.283453,0.944848,33.260562
2026-03-15,,0,0,47,2.346659,0.080059,1.428131,0.506026,0.0,0.0,0.0,0.493974,0.506026,0.0,0.506026,-0.506026,-1.0,-0.506026,-1.0,2.880096,0.170213,0.425532,0.553191,0.06383,0.06383,-0.171450,35.006110,0.848216,37.281949
2026-03-16,,0,0,156,2.0845,0.127809,1.126055,0.47222,0.005552,0.0,0.011603,0.510625,0.47222,0.0,0.47222,-0.466669,-0.97676,-0.47222,-1.0,2.684448,0.224359,0.621795,0.423077,0.044872,0.083333,-0.124118,39.716401,1.000000,39.716401
2026-03-17,,0,0,206,1.778598,0.318604,1.190687,0.353785,0.05623,0.0,0.051144,0.538841,0.363293,0.045551,0.399336,-0.297555,-0.725717,-0.317741,-0.777171,2.731437,0.203883,0.621359,0.407767,0.058252,0.029126,0.065749,58.611202,1.000000,58.611202
2026-03-18,,0,0,284,2.126646,0.267539,1.180758,0.439388,0.022802,0.004877,0.025065,0.507868,0.444265,0.01125,0.450638,-0.416586,-0.901329,-0.433015,-0.950607,2.686368,0.221831,0.591549,0.464789,0.080986,0.052817,0.009490,53.012533,1.000000,53.012533
2026-03-19,,0,0,266,2.060306,0.225571,1.196066,0.402494,0.014269,0.0,0.021348,0.561889,0.407097,0.009923,0.41702,-0.388224,-0.931523,-0.397174,-0.95241,2.625128,0.210526,0.616541,0.454887,0.086466,0.048872,-0.027411,49.340293,1.000000,49.340293
2026-03-20,,0,0,196,1.914744,0.387127,1.140949,0.406578,0.065408,0.0,0.012119,0.515895,0.408942,0.057232,0.463811,-0.341171,-0.72284,-0.35171,-0.75446,2.59447,0.188776,0.637755,0.44898,0.086735,0.035714,0.126491,64.656002,1.000000,64.656002
2026-03-21,,0,0,80,2.638032,0.255892,1.587475,0.613832,0.016826,0.0,0.031965,0.337377,0.613832,0.016826,0.630658,-0.597006,-0.946641,-0.597006,-0.946641,2.651306,0.225,0.4,0.575,0.0375,0.0375,-0.014392,50.635892,1.000000,50.635892
2026-03-22,,0,0,62,2.572229,0.200803,1.38996,0.581049,0.0,0.019856,0.018877,0.380218,0.600905,0.019856,0.600905,-0.581049,-1.0,-0.581049,-0.936026,2.690126,0.177419,0.419355,0.564516,0.080645,0.129032,-0.064518,45.647554,0.922222,45.986081
2026-03-23,,0,0,403,2.19696,0.209538,1.135766,0.465734,0.014569,0.0,0.014471,0.505226,0.468108,0.01223,0.480338,-0.451165,-0.939335,-0.455877,-0.949076,2.593834,0.188586,0.655087,0.456576,0.074442,0.037221,-0.046898,47.401025,1.000000,47.401025
2026-03-24,,0,0,270,2.100565,0.27297,1.150557,0.428204,0.028004,0.0,0.008684,0.535108,0.428204,0.019998,0.448202,-0.4002,-0.877233,-0.408206,-0.910765,2.626957,0.192593,0.644444,0.411111,0.048148,0.077778,0.015864,53.646848,1.000000,53.646848
2026-03-25,,0,0,267,2.076896,0.263897,1.160469,0.430214,0.033494,0.0,0.011786,0.524505,0.431772,0.025813,0.457585,-0.39672,-0.855537,-0.405958,-0.887177,2.600571,0.228464,0.64794,0.438202,0.071161,0.048689,0.007657,52.830120,1.000000,52.830120
2026-03-26,,0,0,237,2.254848,0.270796,1.244336,0.475646,0.030953,0.00554,0.023746,0.464115,0.49139,0.027327,0.513177,-0.444693,-0.877802,-0.464064,-0.894637,2.650137,0.160338,0.527426,0.472574,0.042194,0.07173,0.010401,53.103192,1.000000,53.103192
2026-03-27,,0,0,250,2.185932,0.19032,1.22097,0.493682,0.022671,0.001362,0.025707,0.456578,0.499844,0.013645,0.512126,-0.47101,-0.912187,-0.486199,-0.946854,2.629173,0.212,0.644,0.44,0.096,0.048,-0.066381,45.462155,1.000000,45.462155
2026-03-28,,0,0,106,2.715436,0.210311,1.278706,0.607212,0.010413,0.0,0.009571,0.372805,0.618101,0.010413,0.628514,-0.596799,-0.966281,-0.607688,-0.966865,2.495943,0.09434,0.415094,0.481132,0.056604,0.066038,-0.057003,46.395416,1.000000,46.395416
2026-03-29,,0,0,58,1.567023,0.211494,1.561028,0.257406,0.035157,0.0,0.041112,0.666326,0.257406,0.019194,0.2766,-0.222249,-0.759664,-0.238212,-0.861213,2.673014,0.206897,0.37931,0.568966,0.068966,0.034483,-0.028410,49.240877,0.903455,49.314166
2026-03-30,,0,0,191,0.813889,0.322222,1.304433,0.098106,0.051845,0.0,0.090869,0.759179,0.105672,0.046819,0.152492,-0.046261,-0.308506,-0.058853,-0.385942,2.621773,0.303665,0.680628,0.439791,0.094241,0.057592,0.087776,60.803241,0.892601,59.642983
2026-03-31,,0,0,313,1.009597,0.347825,1.232111,0.120152,0.046823,0.004154,0.060218,0.768653,0.124306,0.044465,0.164617,-0.07333,-0.439166,-0.079842,-0.473077,2.615553,0.226837,0.603834,0.463259,0.054313,0.031949,0.109679,62.982940,0.911891,61.839022
2026-04-01,,0,0,296,0.94052,0.377256,1.258559,0.125808,0.06568,0.0,0.05861,0.749901,0.125808,0.05083,0.176639,-0.060128,-0.314003,-0.074978,-0.424473,2.650851,0.246622,0.564189,0.486486,0.070946,0.064189,0.137953,65.796655,0.931017,64.706948
2026-04-02,,0,0,397,0.8805,0.253166,1.327833,0.102704,0.039291,0.0,0.096449,0.761556,0.102704,0.032412,0.135116,-0.063413,-0.446588,-0.070293,-0.520238,2.56202,0.297229,0.662469,0.471033,0.080605,0.037783,0.022276,54.284944,0.864957,53.706293
2026-04-03,,0,0,195,1.011641,0.250759,1.408059,0.143478,0.016018,0.0,0.095584,0.74492,0.143478,0.016018,0.159496,-0.127461,-0.799147,-0.127461,-0.799147,2.630512,0.225641,0.533333,0.492308,0.025641,0.051282,0.015437,53.604354,0.903744,53.257412
2026-04-04,,0,0,59,1.205966,0.220308,1.404782,0.157045,0.0,0.020741,0.082441,0.739773,0.177786,0.020741,0.177786,-0.157045,-1.0,-0.157045,-0.791048,2.66236,0.186441,0.389831,0.610169,0.016949,0.033898,-0.015131,50.562350,0.841047,50.472963
2026-04-05,,0,0,62,1.154852,0.211011,1.496243,0.169653,0.018839,0.0,0.096982,0.714526,0.169653,0.018839,0.188492,-0.150814,-0.800111,-0.150814,-0.800111,2.655948,0.16129,0.451613,0.580645,0.048387,0.064516,-0.023321,49.747314,0.872095,49.779634
2026-04-06,,0,0,178,0.951761,0.188643,1.293371,0.129418,0.022431,0.0,0.089709,0.758442,0.129418,0.022431,0.151849,-0.106986,-0.704558,-0.106986,-0.704558,2.720021,0.292135,0.640449,0.52809,0.039326,0.050562,-0.040907,47.997221,0.891578,48.214366
2026-04-07,,0,0,333,0.784425,0.218675,1.252302,0.099052,0.037828,0.0,0.067567,0.795553,0.099052,0.025216,0.124268,-0.061224,-0.447282,-0.073836,-0.59417,2.594931,0.357357,0.642643,0.453453,0.054054,0.096096,-0.009738,51.099025,0.847699,50.931643
2026-04-08,,0,0,435,0.731288,0.256007,1.272494,0.110728,0.038153,0.0,0.068348,0.782772,0.113912,0.033144,0.147057,-0.072575,-0.487473,-0.080768,-0.549232,2.585724,0.363218,0.691954,0.425287,0.087356,0.03908,0.024283,54.484688,0.883954,53.964259
2026-04-09,,0,0,214,0.847078,0.226137,1.267545,0.088679,0.023193,0.006393,0.085128,0.796606,0.095072,0.029586,0.118265,-0.065486,-0.585363,-0.065486,-0.525323,2.652242,0.275701,0.565421,0.476636,0.056075,0.056075,-0.002941,51.775448,0.838149,51.488090
2026-04-10,,0,0,219,0.939034,0.230987,1.45459,0.137417,0.02924,0.0,0.085571,0.747772,0.137417,0.018897,0.156314,-0.108177,-0.6491,-0.11852,-0.758216,2.587304,0.273973,0.552511,0.52968,0.063927,0.054795,-0.001698,51.899111,0.898681,51.706696
2026-04-11,,0,0,88,0.850379,0.224287,1.356179,0.10773,0.020381,0.0,0.11802,0.753868,0.10773,0.020381,0.128112,-0.087349,-0.681821,-0.087349,-0.681821,2.547263,0.306818,0.522727,0.454545,0.056818,0.079545,-0.006253,51.445807,0.853815,51.234451
2026-04-12,,0,0,105,1.278344,0.196739,1.400238,0.189962,0.028557,0.0,0.072339,0.709142,0.189962,0.01603,0.205992,-0.161405,-0.738634,-0.173932,-0.844365,2.4927,0.304762,0.561905,0.485714,0.047619,0.085714,-0.037595,48.326805,0.977715,48.364093
2026-04-13,,0,0,162,0.788707,0.160186,1.28752,0.105306,0.013363,0.0,0.038421,0.84291,0.105306,0.011352,0.116658,-0.091942,-0.77478,-0.093953,-0.805376,2.522812,0.228395,0.623457,0.524691,0.067901,0.061728,-0.066295,45.470688,0.835592,46.215342
2026-04-14,,0,0,268,0.599944,0.451387,1.262324,0.08392,0.102547,0.0,0.067564,0.745968,0.08392,0.078631,0.162551,0.018627,0.099892,-0.00529,-0.032541,2.48653,0.369403,0.697761,0.440299,0.093284,0.052239,0.212691,73.234327,0.908604,71.110799
2026-04-15,,0,0,281,0.782897,0.320733,1.180451,0.116332,0.041815,0.0,0.057747,0.784105,0.116332,0.02671,0.143042,-0.074517,-0.471186,-0.089622,-0.626538,2.51074,0.380783,0.672598,0.398577,0.064057,0.049822,0.084311,60.458374,0.877567,59.177922
2026-04-16,,0,0,288,0.619069,0.403637,1.228976,0.074677,0.086234,0.0,0.056553,0.782537,0.074677,0.068796,0.143472,0.011557,0.071823,-0.005881,-0.040991,2.545602,0.350694,0.663194,0.409722,0.090278,0.041667,0.167792,68.766101,0.878251,66.481345
2026-04-17,,0,0,201,0.750548,0.383531,1.215231,0.10164,0.086588,0.0,0.05043,0.761342,0.10164,0.059143,0.160783,-0.015052,-0.079969,-0.042497,-0.26431,2.472329,0.323383,0.681592,0.41791,0.084577,0.049751,0.146954,66.692361,0.905791,65.119792
2026-04-18,,0,0,109,0.634647,0.195985,1.265184,0.050096,0.026966,0.0,0.07567,0.847268,0.050096,0.026966,0.077062,-0.023131,-0.300156,-0.023131,-0.300156,2.514477,0.311927,0.587156,0.477064,0.055046,0.055046,-0.027880,49.293581,0.772599,49.454221
2026-04-19,,0,0,66,0.877983,0.197409,1.205793,0.106708,0.019496,0.0,0.084167,0.789629,0.106708,0.019496,0.126203,-0.087212,-0.691043,-0.087212,-0.691043,2.520694,0.318182,0.5,0.409091,0.045455,0.060606,-0.031284,48.954871,0.791169,49.173126
